word,frequency
online,905
many,332
good,319
n,207
clear,200
much,188
available,180
necessary,174
complete,168
possible,167
new,161
open,156
correct,153
different,146
first,144
previous,138
difficult,134
better,131
able,127
missing,126
public,119
federal,119
easy,119
direct,119
mexican,118
busy,111
simple,108
long,107
bad,106
live,105
high,104
last,104
portal,103
right,101
impossible,99
professional,99
easier,98
several,95
electronic,91
friendly,90
original,89
personal,89
specific,88
medical,86
little,81
complicated,80
social,78
single,75
slow,74
key,74
real,73
official,71
digital,71
general,69
confusing,67
free,66
legal,66
accessible,66
present,66
full,65
efficient,64
foreign,61
next,61
record,60
useless,59
military,58
wrong,57
important,55
national,55
clearer,54
less,54
useful,53
poor,53
best,53
nearest,52
old,48
current,47
temporary,45
local,44
asd,43
practical,42
informaci,42
whole,41
great,40
visible,40
responsible,40
enough,39
additional,39
unable,38
total,37
economic,37
low,37
mere,36
rude,36
unclear,36
select,36
worse,35
valid,35
effective,34
civil,34
iztapalapa,34
true,33
third,33
inefficient,33
detailed,33
incomplete,33
ready,32
appropriate,32
urgent,32
administrative,32
renewal,32
interested,32
small,30
virtual,30
technical,30
faster,29
physical,29
entire,29
minor,28
private,28
basic,28
bureaucratic,28
accurate,28
cumbersome,27
municipal,27
relevant,27
short,27
elderly,27
older,27
close,26
lower,26
half,26
else,26
capital,26
active,26
incorrect,25
agile,25
financial,25
excellent,24
permanent,24
serious,24
kind,24
regional,23
certain,23
simpler,23
pure,23
actual,23
lousy,23
second,23
mad,22
human,22
main,22
special,22
facilitate,21
ordinary,21
expensive,21
unnecessary,20
mandatory,20
various,19
nice,19
popular,19
proper,19
faithful,19
large,19
concerned,19
timely,19
due,18
primary,18
set,18
east,18
immediate,18
extra,18
individual,18
fast,18
outside,18
editable,18
informacin,17
royalty,17
explicit,17
annoying,17
young,17
back,17
secondary,17
quality,17
prior,17
absurd,17
tedious,16
fine,16
territorial,16
mexicali,16
precise,16
upset,16
red,16
longer,16
related,16
trmite,16
educational,16
minimum,16
external,16
annual,16
fovissste,15
outdated,15
worst,15
helpful,15
closest,15
consistent,15
terrible,15
prompt,15
final,15
exact,15
equal,15
white,15
competent,14
indicate,14
common,14
nn,14
manual,14
renovaci,14
sure,14
double,13
black,13
maximum,13
approximate,13
green,13
separate,13
front,13
horrible,13
ridiculous,13
colombian,13
indigenous,12
adequate,12
notary,12
representative,12
arrogant,12
ill,12
hard,12
familiar,12
higher,12
early,12
ambiguous,12
particular,12
sad,12
quick,12
express,12
alternative,12
nnica,12
executive,12
late,12
consular,12
sorry,11
similar,11
specialty,11
obvious,11
fair,11
frustrating,11
greater,11
adult,11
forward,11
monthly,11
english,11
nnico,11
big,11
willing,11
subject,11
understandable,11
obsolete,11
false,11
flexible,10
holy,10
excessive,10
aware,10
sick,10
earlier,10
central,10
respective,10
intuitive,10
unfriendly,10
worth,10
safe,10
sufficient,10
american,10
dear,10
perfect,10
later,10
fatal,9
middle,9
irregular,9
comprehensive,9
understanding,9
automatic,9
incredible,9
clean,9
multiple,9
illogical,9
environmental,9
recent,9
senior,9
tramite,9
concrete,9
caring,9
complex,9
spanish,9
ignorant,9
cordial,9
amazing,8
friendlier,8
academic,8
successful,8
favorable,8
decent,8
arab,8
voluntary,8
telefnica,8
major,8
desirable,8
internal,8
unfair,8
concise,8
honest,8
michoacan,8
rightful,7
unaware,7
invalid,7
actualizaci,7
ok,7
unknown,7
anonymous,7
subsequent,7
functional,7
comunicaci,7
commercial,7
average,7
preregistration,7
blue,7
suitable,7
future,7
reliable,7
desperate,7
endless,7
interior,7
organized,7
sinaloa,7
complicate,7
presencial,7
top,7
mediocre,7
yucatan,7
clinical,7
provisional,7
okay,7
deficient,7
telefnico,7
empty,7
lead,7
moral,7
medium,7
applicable,7
inept,6
relative,6
attentive,6
dd,6
rich,6
nowhere,6
south,6
marital,6
identificacin,6
rest,6
corrupt,6
convenient,6
happy,6
daily,6
stupid,6
muscular,6
nefarious,6
puerto,6
tired,6
unfortunate,6
dead,6
alone,6
straightforward,6
postal,6
normal,6
armed,6
straight,6
issste,6
smart,6
closer,6
valuable,6
minimal,6
criminal,6
west,6
corporate,6
overall,6
advanced,6
grateful,6
logical,6
enza,6
former,6
delegaci,5
curp,5
easiest,5
upbc,5
uncomfortable,5
traditional,5
nss,5
gray,5
fastest,5
venezuelan,5
north,5
zero,5
credencial,5
unmoving,5
disgusting,5
simplest,5
aggressive,5
honorable,5
verbal,5
diplomatic,5
peruvian,5
silly,5
resuesta,5
ideal,5
compulsa,5
angry,5
costly,5
correosdemexico,5
responsive,5
instructive,5
past,5
crazy,5
cuajimalpa,5
duplicate,5
agradesco,5
beautiful,5
secure,5
huge,5
political,5
identificaci,5
essential,5
damn,5
fourth,5
approx,5
vertical,5
bound,5
occupy,5
mobile,5
payable,5
expedici,5
advance,5
alien,5
instituci,5
procedural,5
urban,5
transparent,5
trouble,5
renewable,5
brief,5
informal,4
nonconformist,4
renovacin,4
ocaciona,4
enter,4
pensionissste,4
technological,4
patient,4
handy,4
etrangere,4
maddening,4
resoluci,4
dynamic,4
joint,4
come,4
universal,4
unacceptable,4
ubicacin,4
sexual,4
larger,4
extreme,4
insufficient,4
organic,4
latest,4
nonexistent,4
fellow,4
contrary,4
tapaban,4
viable,4
guadalajara,4
industrial,4
nmero,4
undergraduate,4
nationality,4
incongruous,4
appalling,4
munhas,4
frequent,4
algunapor,4
distant,4
erroneous,4
visitaduria,4
prosperous,4
mexitel,4
needless,4
harmful,4
precente,4
heavy,4
informative,4
liaison,4
hazardous,4
realizaci,4
flat,4
delagacion,4
pdf,4
ocacionados,4
unique,4
ease,4
desviavan,4
electoral,4
formal,4
latter,4
nezahualcoyotl,4
redundant,4
fewer,4
atenci,4
metropolitan,4
badly,4
vague,4
sfactory,4
unresponsive,4
german,4
slim,4
accordance,4
ugly,4
disrespectful,4
indispensable,4
problematic,4
modern,4
fiscal,4
astonishing,4
standard,4
awful,4
round,4
feasible,4
pronunciaday,4
lucky,4
natural,4
lamentable,4
productive,4
principal,4
net,4
atencin,4
rare,4
welcome,4
limited,4
legible,4
expeditious,4
humedeciniento,4
respectful,4
harvest,4
undue,4
satisfactory,4
elda,4
allegue,4
rural,4
nationwide,4
delegacional,4
extemporaneous,4
cuban,4
sustainable,4
programaci,4
sedesol,4
identical,4
french,4
humble,4
incompetent,4
impractical,3
truthful,3
explanatory,3
partial,3
light,3
publicaci,3
extensive,3
election,3
downloadable,3
modificaci,3
nearby,3
satisfied,3
exasperating,3
cdmx,3
independent,3
donor,3
illegal,3
ineffective,3
dangerous,3
programacin,3
upper,3
tlaxcala,3
massive,3
ubicaci,3
downtown,3
hidalgo,3
optional,3
mend,3
reenable,3
usual,3
obscene,3
preinscripci,3
intermediary,3
intellectual,3
youngest,3
gobmx,3
realtime,3
imss,3
extraordinary,3
electrnica,3
painful,3
interesting,3
semarnat,3
global,3
permit,3
secretariat,3
vain,3
encuenta,3
pushy,3
default,3
automated,3
indirect,3
worthy,3
dependent,3
regularize,3
czech,3
multichannel,3
interactive,3
discriminatory,3
famous,3
boring,3
malicious,3
cartilla,3
vital,3
acseso,3
ashamed,3
annex,3
judicial,3
female,3
ejidal,3
choice,3
cute,3
lnea,3
comfortable,3
continuous,3
significant,3
irritating,3
educaci,3
nomas,3
constacia,3
elementary,3
ms,3
initial,3
pd,3
miserable,3
affiliate,3
dual,3
united,3
orderly,3
countless,3
shut,3
unsafe,3
inconsistent,3
twentyfirst,3
esque,3
wise,3
doea,3
consecutive,3
constant,3
violent,3
exceptional,3
lowincome,3
documentaci,3
agricultural,3
pasd,3
indefinite,3
wider,3
tenth,3
rudimentary,3
international,3
detestable,3
inclusive,3
regular,3
actualizacin,3
surprised,3
hot,3
egyptian,3
tambi,3
deaf,3
well,3
complicarselas,2
madelein,2
descepcionante,2
homoclave,2
balanciaria,2
impresi,2
implicit,2
shorter,2
cold,2
aguilizar,2
evil,2
hereafter,2
rigorous,2
governmental,2
pineda,2
part,2
shiny,2
revetty,2
despu,2
liconsa,2
pleasant,2
archaic,2
arduous,2
secular,2
capable,2
alar,2
weekly,2
unfamiliar,2
rechargeable,2
attender,2
nimble,2
unusable,2
depressing,2
notificaci,2
nuisance,2
unlucky,2
permanesco,2
complement,2
crap,2
lifelong,2
burocratico,2
smaller,2
presentaci,2
newborn,2
nnde,2
realizer,2
chinese,2
ridd,2
secretar,2
constitutive,2
cultural,2
telef,2
vile,2
transact,2
eligible,2
unify,2
opsion,2
operate,2
acceptable,2
pendejo,2
harder,2
noncriminal,2
tlalnepantla,2
juanfernandoalcarazacosta,2
eastern,2
cedula,2
opci,2
absolute,2
hacermi,2
plafest,2
meaningless,2
vidiro,2
progrmar,2
distressing,2
broader,2
cancelacin,2
fotost,2
largest,2
inconceivable,2
yetziry,2
supplementary,2
restore,2
polite,2
apostille,2
echeverry,2
shorten,2
numerous,2
apersonandose,2
actualicense,2
certificajar,2
sas,2
sedena,2
negative,2
requisite,2
affordable,2
outstanding,2
yourcompany,2
frustrated,2
pediatric,2
alphabetical,2
normalisaria,2
representaci,2
careless,2
dignified,2
blind,2
b,2
strange,2
parental,2
denominaci,2
fraudulent,2
ynatalehotmailcom,2
expand,2
uniform,2
ample,2
lacking,2
prudent,2
unified,2
asignaci,2
credible,2
edo,2
inormacion,2
aver,2
considerate,2
infonavit,2
positive,2
unhappy,2
blank,2
ventanilla,2
naturalization,2
objective,2
complementary,2
explicacin,2
pesima,2
telephone,2
papal,2
semanadel,2
square,2
confirmaci,2
mock,2
rapid,2
espartanhotmailcom,2
racist,2
nmeros,2
orientaci,2
mental,2
canadian,2
prostitutas,2
northern,2
gloomy,2
interbancaria,2
prosesa,2
huixquilucan,2
geographical,2
jente,2
eucpn,2
aser,2
fantastic,2
cuuado,2
radiant,2
strong,2
literal,2
hidden,2
visitar,2
unanswered,2
burocratica,2
mwexicali,2
chief,2
distinguish,2
fovisste,2
plastic,2
domestic,2
desentralizar,2
straw,2
widespread,2
institutional,2
nonfunctional,2
telesecundaria,2
pesimo,2
fotograf,2
aparese,2
historic,2
retramitar,2
humanitarian,2
thorough,2
printable,2
disseminate,2
proud,2
reestablescan,2
reasonable,2
organ,2
overdue,2
irrelevant,2
deberan,2
asociaci,2
maternal,2
irresponsible,2
diverse,2
compatible,2
earnest,2
ine,2
danger,2
segob,2
optic,2
agenciar,2
delegacin,2
dif,2
sole,2
confused,2
transitional,2
toxic,2
bright,2
intransigent,2
aclaraci,2
cpomo,2
terse,2
repetitive,2
alive,2
awkward,2
considerable,2
colloquial,2
disorganized,2
precisi,2
psychological,2
samll,2
polytechnic,2
validate,2
loose,2
berraca,2
noticeable,2
superior,2
piztola,2
advisory,2
foolproof,2
improper,2
download,2
capacitacin,2
lowest,2
intelligent,2
outrageous,2
inaccurate,2
lic,2
impolite,2
improve,2
organizaci,2
sibadac,2
accustomed,2
outer,1
exigan,1
likely,1
pastaas,1
hayudar,1
descriptive,1
marthablancohotmailcom,1
nadaaaa,1
extraoy,1
overlap,1
efientizado,1
saven,1
unad,1
veridical,1
specialist,1
tamad,1
agilisarian,1
militant,1
cheaper,1
jocelyn,1
cundo,1
scary,1
integral,1
dominican,1
unsustainable,1
doctoral,1
haver,1
inici,1
sucedi,1
virgin,1
imprimitirla,1
juvenile,1
hubira,1
tortuous,1
complusa,1
uperdomohotmailcom,1
broad,1
elcomprobante,1
dizque,1
acompaadas,1
strengthen,1
despericiadero,1
disappointed,1
programmable,1
generous,1
keesteao,1
pensando,1
gay,1
copiaceetificada,1
arreglatelas,1
autonomous,1
pasarporte,1
vrevedad,1
workable,1
incrible,1
aperturado,1
mensione,1
lasdudas,1
ptima,1
lighter,1
coacalco,1
hacerca,1
aseso,1
afiliaba,1
localizable,1
oexplicar,1
deverian,1
dirijirse,1
noncomunicaci,1
cardozaivanhotmailcom,1
justificaci,1
telefonicamente,1
buscndolos,1
vacant,1
ofrecer,1
internt,1
mazatlan,1
loescribi,1
jamd,1
fulltime,1
amplear,1
hip,1
colocacen,1
retain,1
tortilleria,1
bored,1
digitalize,1
juauctemoc,1
ubicac,1
elcotejo,1
longest,1
verifiable,1
camsannajgmailcom,1
sale,1
antecedent,1
offline,1
involved,1
faulty,1
asdasdasd,1
funcinaba,1
accesibiliada,1
tion,1
electrical,1
unaffordable,1
muetras,1
accessar,1
openable,1
tiltepec,1
unilateral,1
diseniaron,1
veracuzanjunocom,1
rodillad,1
fractional,1
oasiona,1
oncologia,1
cuauhtemoc,1
stationary,1
extensan,1
navegaci,1
presentar,1
reestablish,1
rodeaa,1
fake,1
mex,1
exorbitant,1
alumnos,1
worried,1
denominacon,1
telefonica,1
weary,1
ndase,1
least,1
informacionq,1
cisen,1
supervisory,1
disturbing,1
entenda,1
apoya,1
unapproachable,1
vijahcllrl,1
indian,1
credentialed,1
migracin,1
nnand,1
rezidencia,1
unreasonable,1
actulizacion,1
run,1
auxiliary,1
mande,1
httpwwwgobmxtramitesfichareposiciondelacartilladeidentidaddelserviciomilitarnacionalsedena,1
noble,1
copienselo,1
cotestar,1
impresin,1
empiese,1
contestacin,1
cellular,1
sencilla,1
obligaci,1
alamejor,1
calidadnecesitamos,1
neglijecia,1
axochiapan,1
pngense,1
avansen,1
male,1
interenet,1
mans,1
likewise,1
actualziar,1
agendarme,1
extorcionando,1
cuandpo,1
olesa,1
earliest,1
deliveredst,1
sleepy,1
gentebueno,1
lagunesmarthayahoocommx,1
armandohotmailcom,1
indispensablr,1
extempor,1
derivative,1
espliquen,1
characteristic,1
machote,1
prevailing,1
eventual,1
everywhere,1
systematic,1
ingresabas,1
aperturarme,1
flawless,1
naught,1
deregister,1
incorecto,1
rembolzo,1
chihuahua,1
localizaci,1
antrior,1
atencionmaria,1
arbitrary,1
cronolgico,1
drbaezcirugiaesteticagmailcom,1
untilar,1
deadline,1
navegacin,1
informadcion,1
obetener,1
socio,1
nnpublic,1
intractable,1
alcansa,1
afecrtando,1
direccionaron,1
xico,1
apocryphal,1
unjust,1
identifiable,1
clearest,1
material,1
entida,1
quejaas,1
lineaaaaa,1
prestamoy,1
pujedn,1
nontransferable,1
readable,1
vitual,1
preenroll,1
telefonicos,1
atenderfalta,1
oomsapa,1
oblivious,1
conceptual,1
enrredado,1
guetemalteco,1
unofficial,1
dariasdarias,1
inaxcequible,1
ancient,1
xicano,1
indomethacin,1
borrraron,1
capacitaci,1
antelaci,1
notarial,1
dedillo,1
renapo,1
ecuadorian,1
proganproductivo,1
heritage,1
unforeseen,1
unresolved,1
promexico,1
intensive,1
certiicado,1
dzn,1
reset,1
federalsegob,1
refugee,1
multimodal,1
pitiful,1
wet,1
ndirectory,1
auvrhdfglb,1
avoidable,1
nmechanics,1
acftualizar,1
distinguishable,1
lineade,1
unintuitive,1
ponerpaso,1
transaparente,1
vena,1
avanzadad,1
relizarlo,1
secretria,1
adquisici,1
doubt,1
generacuando,1
deveras,1
chequen,1
habd,1
ivr,1
substantial,1
zolotepec,1
tramiar,1
encimada,1
null,1
unexciting,1
organizational,1
nonstop,1
tecnologa,1
gener,1
nierman,1
olmpiadas,1
optener,1
rife,1
preoblemas,1
alcanso,1
destartalando,1
democrasia,1
contrast,1
memmanuel,1
guvernamental,1
queson,1
gobun,1
ortros,1
patronal,1
aplicaicon,1
reposici,1
favorite,1
correcamente,1
republic,1
agilizava,1
revalidaci,1
superficial,1
cavesa,1
cindesa,1
unpleasant,1
nonexistant,1
peape,1
naucalli,1
bent,1
fotmato,1
dedicndose,1
caaron,1
faraway,1
decisive,1
esplicita,1
zitacuaro,1
nesecitan,1
laboro,1
asesor,1
charitable,1
orthopedics,1
lesda,1
unemployed,1
mandarin,1
colorful,1
vary,1
pink,1
soloquen,1
methodical,1
deecadente,1
coordinacin,1
misleading,1
evitar,1
socioeconomic,1
prospera,1
naval,1
terminal,1
travesty,1
limitad,1
unapregunta,1
decuvrimiento,1
defunci,1
wheelchair,1
creescan,1
ereccin,1
licensias,1
potential,1
loefam,1
supervivivencia,1
deprorable,1
dtca,1
elaborate,1
acudias,1
tecnolog,1
incongruent,1
puederrelizar,1
pity,1
consiensia,1
speedier,1
prevencin,1
contestaci,1
castilian,1
electrnicamente,1
reliazar,1
cmo,1
personalidaza,1
cowardly,1
wealthy,1
explosive,1
conscious,1
extorcionador,1
hubican,1
preyectos,1
save,1
obligacin,1
habrir,1
envespecifico,1
papeler,1
unfit,1
direno,1
firstlevel,1
irksome,1
tampachula,1
vencidoteniendo,1
symbolic,1
cuande,1
llenadodesolicitud,1
skilled,1
exalted,1
asian,1
enlasar,1
reiniermalpicagmailcom,1
tepeji,1
confident,1
calusa,1
dumbfounded,1
adondeacudir,1
voluntada,1
argentine,1
atoraba,1
reverse,1
muchaaaaaas,1
generic,1
incoformidad,1
accompanying,1
otherm,1
asiacomo,1
digitalizaci,1
pervade,1
overpaid,1
multimedia,1
unbeaten,1
declarative,1
precious,1
ademasde,1
hostile,1
notarias,1
incorporacion,1
busiest,1
cfdi,1
maritime,1
establishe,1
sobran,1
ingres,1
farmaciadesde,1
ningunlado,1
discapasitada,1
equivalent,1
ostricidad,1
updatable,1
basis,1
uninformed,1
visual,1
destitute,1
necesittabas,1
incred,1
solititud,1
agregeguen,1
exit,1
gallagheralanyahoocom,1
quedeberiade,1
demaciadas,1
safest,1
appreciable,1
tebae,1
asosiarce,1
programarlacada,1
enti,1
ntype,1
farfetched,1
cool,1
catualizar,1
disappear,1
operative,1
th,1
progamar,1
alike,1
acsoletas,1
baccalaureate,1
imternet,1
manerani,1
sitioesta,1
ostigar,1
graphical,1
consancia,1
jubilda,1
preatorizacion,1
nuevacita,1
baby,1
neseciten,1
annotate,1
credenza,1
alcansaria,1
httpdgetisepgobmxindexphpofertaeducativayplantelesubicatuplantel,1
foolish,1
degenerative,1
ineterbancaria,1
annoyed,1
hispanic,1
domicilio,1
pnganse,1
refencia,1
masyor,1
outdoors,1
oficialia,1
misinformed,1
cep,1
aprecen,1
unprotected,1
casihnlrnv,1
supestamente,1
condusef,1
bold,1
polticamente,1
european,1
advisable,1
quirofano,1
acdesar,1
trabajoy,1
electonicamente,1
imaginensen,1
avaliab,1
incorreto,1
puedde,1
contesar,1
pensionado,1
maoza,1
repblica,1
clumsy,1
dependecia,1
pasaport,1
suppository,1
illegible,1
clandestine,1
sarh,1
beneficent,1
aparescan,1
oriented,1
lookind,1
unacita,1
dependensias,1
jesusaguilar,1
inapam,1
alternate,1
httpsepgobmxessepsepgradoacademico,1
bothersome,1
petroqumica,1
pleased,1
dateless,1
cieudad,1
prxima,1
calm,1
credenciao,1
famiiarizadas,1
uncultured,1
etramitar,1
delicate,1
spabado,1
aceptaci,1
smooth,1
restrictive,1
disparate,1
aparesca,1
rectangular,1
desconcentre,1
vivo,1
estasdo,1
sta,1
landmark,1
atenticidad,1
sensilla,1
vaguest,1
bamco,1
perosnal,1
constesten,1
qualified,1
elmunicipio,1
differential,1
resolucin,1
situaci,1
chat,1
ecinco,1
autd,1
unconstitutional,1
unlisted,1
convenientll,1
municiopio,1
convincing,1
versin,1
mass,1
locarlizar,1
veracruzanjunocom,1
justify,1
rapacious,1
esplicado,1
comprobacin,1
latina,1
anios,1
permitar,1
lascomputadoras,1
liliana,1
southern,1
nesetite,1
automating,1
agendo,1
agendan,1
leobardo,1
ultimate,1
sds,1
alonsofaehotmailcom,1
bedolla,1
paramount,1
complicaron,1
transitory,1
estadsticas,1
acudiera,1
deductible,1
orgullosamente,1
federative,1
abinadi,1
quintuple,1
nonrecruitment,1
highrisk,1
encontr,1
ayudara,1
rose,1
homogenize,1
afiliatoria,1
contribullente,1
documentacin,1
preferenciar,1
shoddy,1
solar,1
poendejo,1
optimisaci,1
vulnerable,1
porsupuesto,1
constitutional,1
grouchy,1
autodigata,1
limit,1
coincide,1
pensionadora,1
tehuacanpuebla,1
inconsiderate,1
latencion,1
psrticular,1
shameful,1
nvironmental,1
nesecidad,1
uncoordinated,1
ligapero,1
contrage,1
mechanic,1
presentate,1
uncertain,1
nrcesitan,1
everyday,1
avarque,1
acredito,1
susceptible,1
excensin,1
fcilmente,1
inegrar,1
rauladhgmailcom,1
demo,1
nostratren,1
weird,1
pasiencia,1
md,1
indifferent,1
recuado,1
inferior,1
agregen,1
wellfounded,1
pgd,1
ntica,1
realica,1
cheap,1
hobligar,1
ismaeltorressandovalgmailcom,1
hubicar,1
comparable,1
burdensome,1
native,1
peronal,1
avaialble,1
coatzintla,1
desepcionante,1
imbecile,1
doublecheck,1
obstculo,1
safer,1
reengineer,1
unspecific,1
acatualizacion,1
relizado,1
imediato,1
hacistir,1
goodbye,1
algn,1
verify,1
daafcbdfb,1
dshaganse,1
coherent,1
humane,1
nerve,1
preparatory,1
pregnant,1
cryptic,1
tancuayalab,1
nonlocal,1
imcompleta,1
unimportant,1
porqueaunquelleves,1
intentional,1
unkind,1
precartilla,1
turissste,1
cranky,1
seleeccionar,1
soonest,1
regardless,1
paganel,1
atravajar,1
chronological,1
unemployment,1
cursory,1
clasificaci,1
examplem,1
anticipaci,1
umildad,1
nacesaria,1
surf,1
crude,1
opportune,1
ormatividad,1
oportunidadess,1
electronico,1
ixtapaluca,1
quiet,1
alarming,1
beneficial,1
yyanomedeja,1
solicitarme,1
aproximaximada,1
nacid,1
corrobar,1
yellow,1
danay,1
importaci,1
uneducated,1
controversial,1
preregristro,1
hippocratic,1
vigentetrabajadora,1
nonfederal,1
diregirse,1
siudadano,1
comitancillo,1
flashy,1
agendarla,1
educan,1
acualizado,1
mnden,1
autorizadaas,1
ringpass,1
inquiriesm,1
dirty,1
rpor,1
florentine,1
handwritten,1
estube,1
cbernalvgmailcom,1
defaul,1
copsas,1
pretty,1
culmination,1
caractersticas,1
notficicar,1
municicio,1
unmotivated,1
salary,1
libraryand,1
unauthorized,1
rambunctious,1
chiquit,1
uruapan,1
vicious,1
outdoor,1
agradeciria,1
visiible,1
discharge,1
mycountry,1
subtract,1
fideicomiso,1
modernisense,1
sensitive,1
tardaren,1
warm,1
austere,1
fuzzy,1
activenlos,1
procedi,1
comuniquey,1
unsolicited,1
sweet,1
topographic,1
diceador,1
crendencial,1
milsadelhotmailcom,1
laborando,1
imigrante,1
lastminute,1
ixtapalca,1
wellknown,1
aplicacin,1
internete,1
emotional,1
gmedvedcromexcommx,1
sertificado,1
nacionaldiad,1
transcendent,1
isste,1
careful,1
cuautla,1
tlanepantla,1
strict,1
q,1
rubbish,1
premature,1
acertividad,1
fotogrsfias,1
paymaster,1
unidense,1
uncombed,1
encimado,1
exsiten,1
constestacin,1
artv,1
iztacalco,1
cmplementar,1
karpyhotmailcom,1
cmf,1
aztec,1
fono,1
opotunidad,1
porqueria,1
diferentesoficinas,1
enquecuandomueradejotodamierehreciaenlainfomacionantigua,1
pragunta,1
tramiete,1
kiero,1
quera,1
pochutla,1
processve,1
inhuman,1
golden,1
manufacturen,1
illtreatment,1
enlacfe,1
instalaci,1
inmediatamenta,1
stressful,1
anetrior,1
necesidar,1
rliratlhcommx,1
haser,1
programabas,1
loud,1
traumatic,1
blissful,1
impeccable,1
complicaci,1
anio,1
santaalehotmailcom,1
ive,1
profeco,1
contrasea,1
quicker,1
secret,1
regrettable,1
patzcuaro,1
aguazulhotmailcom,1
destine,1
atenter,1
acs,1
burocr,1
integracin,1
contemporary,1
mejorer,1
offer nonfunctional,1
pgn,1
fit,1
carrearas,1
maana,1
vicma,1
verbigracia,1
repeat,1
field,1
oicangihchotmailcom,1
remote,1
modest,1
geographic,1
irrefutable,1
agendada,1
agredecere,1
prepotente,1
soliictud,1
hypertensive,1
pointless,1
exhausting,1
parap,1
supuiesto,1
realizen,1
captive,1
excess,1
categorical,1
soliaria,1
externalize,1
psychophysical,1
regsitrarme,1
adquisicin,1
matter,1
nesecita,1
trsladarme,1
incluendo,1
guayaquil,1
deplorable,1
wide,1
direccio,1
fastidiafop,1
metro,1
handicapped,1
licadrianaalvarezgmailcom,1
requisitar,1
recapcha,1
chiapasdelegacion,1
hungry,1
hipervnculo,1
dependcia,1
nuestrso,1
emprica,1
cerebral,1
suspicious,1
tultitlan,1
reject,1
nonpersonal,1
comunicasion,1
combeniente,1
thereof,1
grownup,1
halfway,1
cionsulado,1
youth,1
spare,1
unrelated,1
rosalio,1
retention,1
transient,1
mansi,1
tardandose,1
own,1
hacd,1
ahead,1
cient,1
estaras,1
pagu,1
absent,1
alcanse,1
resultadono,1
sociodemographic,1
insecure,1
whatsoever,1
noneditable,1
optimum,1
demeaning,1
yegado,1
debera,1
rhondaukictscouk,1
wing,1
regulatory,1
elelctronica,1
disen,1
tarden,1
atiendaaaaaa,1
kindest,1
localizacin,1
prepotentedejan,1
regiomontana,1
toalmente,1
siertas,1
renobable,1
endonde,1
qpuedo,1
especfica,1
imediat,1
unrequisito,1
hipocresas,1
writeable,1
instructivo,1
acreditaci,1
capacidd,1
areagracias,1
cad,1
verificaci,1
applicant,1
areglar,1
internetgracias,1
sercana,1
eager,1
nesesito,1
problemof,1
situationm,1
colcandoun,1
inoperative,1
nifty,1
harmonious,1
provincial,1
tramitesde,1
petici,1
japanese,1
warmth,1
itinerant,1
estadisponible,1
modulo,1
especificar,1
descripci,1
tranladarce,1
concesionaria,1
russian,1
nno,1
dpendencia,1
guasave,1
comunic,1
aishgfdiuasgkjfbdn,1
plain,1
diplomticas,1
matricula,1
lespasa,1
vaunted,1
ansestros,1
sabadoen,1
abysmal,1
discreet,1
reinforce,1
sleazy,1
incompatible,1
oldest,1
nonworking,1
aliest,1
insulting,1
pensioniste,1
prison,1
galeana,1
sisitema,1
permisode,1
harsh,1
cualqueir,1
ultrabengue,1
preentarse,1
roaaba,1
imformacion,1
alcansamos,1
hapia,1
officialdom,1
accceso,1
multitude,1
messy,1
foreground,1
legalizaci,1
audible,1
planificaci,1
sensille,1
faint,1
prsencial,1
nculo,1
acayucan,1
inentendible,1
inadequate,1
beefy,1
promocionana,1
chequenla,1
extrabajadora,1
downcast,1
chingado,1
ase,1
fortunate,1
atualizarla,1
baucher,1
helpless,1
donsantingmailcom,1
ncarry,1
gentile,1
sinavid,1
yazminyadirasilvaramirezgmailcom,1
solisitante,1
preapeir,1
inegiorgmx,1
jubilara,1
danish,1
speechless,1
scarce,1
unaccountable,1
gigantic,1
outsourcinf,1
parentheses,1
younger,1
unannounced,1
negligent,1
excited,1
campanian,1
clueless,1
tryptic,1
unwilling,1
errorez,1
iigual,1
shitty,1
fasilitaria,1
inactive,1
fruitless,1
desaogo,1
inaccessible,1
porke,1
xonacatlan,1
upside,1
perando,1
musculoskeletal,1
spurious,1
cancun,1
reverend,1
abdbdadgeaebcffk,1
ethical,1
nopala,1
presentarsepara,1
impressive,1
obtenado,1
incapacida,1
contradictory,1
orientacin,1
biometrico,1
cuahtemoc,1
uazunamuaz,1
efonica,1
adminsitrativa,1
aged,1
preporcionan,1
coordial,1
sibernetico,1
saccade,1
cooperative,1
instruccin,1
fcilidad,1
overseas,1
eletronic,1
produscan,1
mamd,1
gestor,1
demaciado,1
entar,1
mexicano,1
incoherent,1
illiterate,1
leaner,1
opcin,1
filthy,1
unprofessional,1
definici,1
gustificar,1
conadic,1
garrafal,1
precencial,1
consuladono,1
eecshotmailcom,1
supercomplicado,1
preset,1
acesoria,1
unlikely,1
procesar,1
podra,1
worldwide,1
despot,1
porquera,1
palomeando,1
impressed,1
cacaraqueada,1
horio,1
encuetra,1
accesos,1
ajendar,1
prob,1
realistic,1
issstetel,1
cff,1
preeregistro,1
eternal,1
unbureaucratic,1
findable,1
earthly,1
instrutivo,1
rechazanestaba,1
necesitomas,1
travez,1
chronic,1
outsider,1
vulnetra,1
tactless,1
intentanto,1
inmediantas,1
rational,1
anteriormentepodia,1
richest,1
cominicar,1
accicente,1
ised,1
millennium,1
aposillar,1
understaffed,1
sacral,1
pacific,1
discretionary,1
karlamariarghotmailcom,1
firsthand,1
ccitas,1
renovaacion,1
forefront,1
oficianas,1
consegudio,1
conducive,1
transpaso,1
credence,1
tramitar,1
deber,1
difd,1
lauraletticiasistemasgmailcom,1
indezphp,1
lose,1
veneficiarias,1
communal,1
usurious,1
ellave,1
sixteenth,1
left,1
obten,1
aas,1
optical,1
consequent,1
realicepara,1
assistant,1
homogeneous,1
nngase,1
llenadono,1
verificative,1
tiresome,1
distinctive,1
simplifiquenla,1
atoridad,1
tall,1
resibieron,1
print,1
oportunaojala,1
paternal,1
yelefono,1
inter,1
slave,1
ebfdgbbgfedcdakc,1
preregistrocitasportaljsf,1
marginal,1
abisaban,1
nafinsa,1
muchsima,1
defarmacia,1
dire,1
esplica,1
reputable,1
throwback,1
fillable,1
inferred,1
obtencin,1
deniedm,1
dark,1
diriji,1
lomismo,1
multidisciplinary,1
necesityadas,1
sritarivera,1
responasabiliad,1
ciudadan,1
sseebra,1
nosortos,1
agendarse,1
habren,1
uninsured,1
recommission,1
unificacion,1
ejersa,1
segundaria,1
farther,1
intitava,1
tansolo,1
opposite,1
cetificado,1
distnace,1
telephonic,1
form,1
talented,1
qutenla,1
dpto,1
shortest,1
identidicacion,1
pensionaria,1
olvdenlo,1
inea,1
reyesguadalupehotmailcom,1
ssignment,1
funeral,1
sleepless,1
punctual,1
onestop,1
cyelan,1
collective,1
viritouslivecommx,1
infomaci,1
laborious,1
tiring,1
ytemgp,1
nasty,1
prepapago,1
juquilaoaxaca,1
manjea,1
brilliant,1
shocking,1
poruqe,1
sirvala,1
economical,1
unfruitful,1
manter,1
side,1
raw,1
flagrant,1
plainer,1
moreover,1
largescale,1
slp,1
alaborar,1
placeable,1
maryhotmailcom,1
dreadful,1
realuzar,1
selfcare,1
vwuectipo,1
friendliest,1
bueltas,1
