word,pos
aadir,ADJ
abandonado,ADJ
abierta,ADJ
abiertas,ADJ
abierto,ADJ
abinadi,ADJ
abonitos,ADJ
abrogada,ADJ
absoluta,ADJ
absoluto,ADJ
absolutos,ADJ
absurdas,ADJ
absurdo,ADJ
abuelitos,ADJ
abuelo,ADJ
abundano,ADJ
aburrida,ADJ
aburrido,ADJ
acabado,ADJ
academica,ADJ
academicas,ADJ
academico,ADJ
acadmico,ADJ
acapulco,ADJ
acarreo,ADJ
acatualizacion,ADJ
accceso,ADJ
accesibiliada,ADJ
accesible,ADJ
accesiblees,ADJ
accesibles,ADJ
accessar,ADJ
accessible,ADJ
accicente,ADJ
aceleradas,ADJ
acelerado,ADJ
acelerados,ADJ
acentado,ADJ
acentados,ADJ
aceptable,ADJ
aceptacin,ADJ
aceptada,ADJ
aceptadas,ADJ
aceptado,ADJ
aceptados,ADJ
acertada,ADJ
acesar,ADJ
acesoria,ADJ
aclaracin,ADJ
aclarados,ADJ
acomodada,ADJ
acomodo,ADJ
acompaada,ADJ
acompaadas,ADJ
acompaado,ADJ
acompaados,ADJ
acompae,ADJ
acontesimientos,ADJ
acordado,ADJ
acordados,ADJ
acorde,ADJ
acostumbradas,ADJ
acostumbrado,ADJ
acreditacin,ADJ
acreditacion,ADJ
acreditada,ADJ
acreditado,ADJ
acreditativos,ADJ
acredores,ADJ
acseso,ADJ
acsoletas,ADJ
acta,ADJ
actade,ADJ
actaetc,ADJ
actas,ADJ
actaulizacion,ADJ
actitudes,ADJ
activa,ADJ
activacion,ADJ
activados,ADJ
activas,ADJ
activo,ADJ
activos,ADJ
actual,ADJ
actualcense,ADJ
actuales,ADJ
actualicense,ADJ
actualizacin,ADJ
actualizaciones,ADJ
actualizacionmar,ADJ
actualizada,ADJ
actualizadas,ADJ
actualizadfos,ADJ
actualizado,ADJ
actualizados,ADJ
actualize,ADJ
actuarios,ADJ
acualizacion,ADJ
acualizado,ADJ
acudias,ADJ
acudido,ADJ
acuerdo,ADJ
acumulado,ADJ
acumulados,ADJ
acusado,ADJ
ada,ADJ
adecuada,ADJ
adecuadas,ADJ
adecuado,ADJ
adecuados,ADJ
adelantado,ADJ
adelantados,ADJ
adelantes,ADJ
adelatado,ADJ
ademans,ADJ
ademas,ADJ
ademasde,ADJ
adentro,ADJ
adeudo,ADJ
adhesion,ADJ
adicional,ADJ
adicionales,ADJ
adinerados,ADJ
adivina,ADJ
adjunta,ADJ
adjuntas,ADJ
adjuntos,ADJ
administrador,ADJ
administrativa,ADJ
administrativas,ADJ
administrativo,ADJ
administrativos,ADJ
adminsitrativa,ADJ
adondeacudir,ADJ
adquiridos,ADJ
adquisicin,ADJ
adquisitivo,ADJ
adriana,ADJ
adrianabravoghotmailcom,ADJ
adscrito,ADJ
adscritos,ADJ
aduanas,ADJ
adulta,ADJ
adultano,ADJ
adultas,ADJ
adulto,ADJ
adultos,ADJ
aerea,ADJ
aereo,ADJ
afectada,ADJ
afierzas,ADJ
afiliacin,ADJ
afiliacion,ADJ
afiliada,ADJ
afiliadas,ADJ
afiliado,ADJ
afiliatoria,ADJ
afines,ADJ
afores,ADJ
africa,ADJ
afuera,ADJ
afueras,ADJ
agarrrence,ADJ
agendada,ADJ
agendadas,ADJ
agendo,ADJ
agente,ADJ
agentes,ADJ
agil,ADJ
agiles,ADJ
agilisaria,ADJ
agilisarian,ADJ
agilizacion,ADJ
agilizaria,ADJ
agilizarian,ADJ
agilizava,ADJ
agotadas,ADJ
agotado,ADJ
agotados,ADJ
agradable,ADJ
agradaria,ADJ
agradecido,ADJ
agraria,ADJ
agrario,ADJ
agrarios,ADJ
agregacion,ADJ
agregado,ADJ
agregn,ADJ
agresiva,ADJ
agricola,ADJ
agricultores,ADJ
agrimonyyygmailcom,ADJ
aguascalientes,ADJ
aguascalientescomo,ADJ
aguascaluentes,ADJ
aguazulhotmailcom,ADJ
aguilar,ADJ
ahoranose,ADJ
ahorita,ADJ
ahorraria,ADJ
ahorrarian,ADJ
aires,ADJ
ajadores,ADJ
ajena,ADJ
ajenas,ADJ
ajeno,ADJ
ala,ADJ
alamejor,ADJ
alargada,ADJ
alarmante,ADJ
alas,ADJ
alberto,ADJ
alcaldes,ADJ
alcanso,ADJ
alcontrario,ADJ
alcorriente,ADJ
aledaos,ADJ
alejada,ADJ
alejado,ADJ
alejandro,ADJ
aleman,ADJ
alemana,ADJ
alergias,ADJ
alexxferragmailcom,ADJ
alfabetico,ADJ
alfonso,ADJ
alfredo,ADJ
alicia,ADJ
alimentaria,ADJ
alimenticia,ADJ
alineados,ADJ
aljojuca,ADJ
almenos,ADJ
alonso,ADJ
alta,ADJ
altaneria,ADJ
altas,ADJ
alterado,ADJ
alternaivas,ADJ
alternas,ADJ
alternativa,ADJ
alternativas,ADJ
alternativo,ADJ
alterno,ADJ
alternos,ADJ
alto,ADJ
altos,ADJ
altura,ADJ
alumbrado,ADJ
alumnos,ADJ
alvarado,ADJ
alvaro,ADJ
amable,ADJ
amables,ADJ
amablespies,ADJ
amadas,ADJ
amador,ADJ
amaparos,ADJ
amarillo,ADJ
ambiental,ADJ
ambientales,ADJ
ambigua,ADJ
ambiguas,ADJ
ambiguo,ADJ
ambiguos,ADJ
ambulante,ADJ
amena,ADJ
amenazados,ADJ
america,ADJ
americana,ADJ
americanas,ADJ
americano,ADJ
americanos,ADJ
amigable,ADJ
amigables,ADJ
amigableya,ADJ
amigos,ADJ
amina,ADJ
aminasaucedogmailcom,ADJ
amlir,ADJ
ammmmtodoooo,ADJ
amplia,ADJ
ampliacion,ADJ
ampliado,ADJ
amplias,ADJ
amplio,ADJ
amplios,ADJ
analfabeta,ADJ
analorenacamachogmailcom,ADJ
ancianitos,ADJ
android,ADJ
anetrior,ADJ
anexa,ADJ
anexo,ADJ
anexos,ADJ
angeles,ADJ
anglos,ADJ
anguiano,ADJ
angustiante,ADJ
animal,ADJ
animense,ADJ
annimas,ADJ
annual,ADJ
anomalas,ADJ
anonima,ADJ
anonimas,ADJ
anotado,ADJ
ansiosos,ADJ
antecede,ADJ
anteior,ADJ
antemano,ADJ
anterior,ADJ
anteriores,ADJ
anticipacin,ADJ
anticipada,ADJ
anticipadas,ADJ
anticipado,ADJ
anticipados,ADJ
anticipo,ADJ
anticuada,ADJ
antigedad,ADJ
antigua,ADJ
antiguo,ADJ
antiguos,ADJ
antojo,ADJ
antonio,ADJ
anual,ADJ
anunciada,ADJ
anuncios,ADJ
anverso,ADJ
aos,ADJ
apadrinado,ADJ
apalabrados,ADJ
aparare,ADJ
aparato,ADJ
apareca,ADJ
apartado,ADJ
apartados,ADJ
apatzingan,ADJ
apec,ADJ
apego,ADJ
apellido,ADJ
apellidos,ADJ
aperezmalagonhotmailcom,ADJ
apersones,ADJ
apertura,ADJ
aperturado,ADJ
aperturados,ADJ
aperture,ADJ
aplicable,ADJ
aplicables,ADJ
aplicadas,ADJ
aplicado,ADJ
aplicaicon,ADJ
aplicaria,ADJ
aplicativo,ADJ
aplicativos,ADJ
apocrifa,ADJ
apoderada,ADJ
apoderado,ADJ
aportadores,ADJ
apostillada,ADJ
apostoldejesushotmailcom,ADJ
apoyado,ADJ
apoyenos,ADJ
apreciables,ADJ
apremiante,ADJ
apretada,ADJ
aprincipio,ADJ
aprobacin,ADJ
aprobada,ADJ
aprobadas,ADJ
aprobado,ADJ
aprobadoque,ADJ
aprobadorecibir,ADJ
aprobados,ADJ
apropiadoprefiero,ADJ
apropiados,ADJ
aprovechados,ADJ
aprovechamientos,ADJ
aproximada,ADJ
aproximadas,ADJ
aproximado,ADJ
aproximaximada,ADJ
aptitud,ADJ
apto,ADJ
aquerencias,ADJ
arabes,ADJ
arancelarias,ADJ
arbitrario,ADJ
arbitro,ADJ
arcadio,ADJ
arcaico,ADJ
arcaicos,ADJ
arcangela,ADJ
archivada,ADJ
archivadas,ADJ
archivo,ADJ
archivos,ADJ
arcos,ADJ
ardelio,ADJ
area,ADJ
areagracias,ADJ
areas,ADJ
areasla,ADJ
argentina,ADJ
argentino,ADJ
aria,ADJ
arista,ADJ
armadas,ADJ
armados,ADJ
armoniosos,ADJ
arraigate,ADJ
arredondo,ADJ
arreglado,ADJ
arreglenlo,ADJ
arrogantes,ADJ
arrojo,ADJ
artesanas,ADJ
articulado,ADJ
arturo,ADJ
asalariad,ADJ
asalariado,ADJ
asalariados,ADJ
ascendientes,ADJ
asco,ADJ
ascomo,ADJ
asdasd,ADJ
asdasdasd,ADJ
asedoria,ADJ
asegurado,ADJ
asegurador,ADJ
asegurados,ADJ
asento,ADJ
aserles,ADJ
aseso,ADJ
asesor,ADJ
asesora,ADJ
asesores,ADJ
asesoria,ADJ
asia,ADJ
asiacomo,ADJ
asiaticas,ADJ
asignacin,ADJ
asignada,ADJ
asignado,ADJ
asignados,ADJ
asist,ADJ
asistenciales,ADJ
asistentes,ADJ
asistiria,ADJ
asociacin,ADJ
asociadas,ADJ
asociado,ADJ
aspirante,ADJ
aspirantes,ADJ
asquerosa,ADJ
astudillo,ADJ
asuarios,ADJ
asunto,ADJ
atada,ADJ
atados,ADJ
atencin,ADJ
atencinn,ADJ
atencion,ADJ
atencionde,ADJ
atencionmaria,ADJ
atenderia,ADJ
atenderte,ADJ
atendida,ADJ
atendidas,ADJ
atendido,ADJ
atendidos,ADJ
atenido,ADJ
atenta,ADJ
atentadas,ADJ
atenter,ADJ
atenticidad,ADJ
atento,ADJ
atentos,ADJ
atiendaaaaaaauxiliooooo,ADJ
atiendenl,ADJ
atinado,ADJ
atoprada,ADJ
atorado,ADJ
atoridad,ADJ
atras,ADJ
atrasado,ADJ
atrasados,ADJ
atraves,ADJ
atualizaciones,ADJ
audible,ADJ
auditoria,ADJ
aunado,ADJ
austera,ADJ
austria,ADJ
autenticaciones,ADJ
autenticidad,ADJ
autocuidado,ADJ
autodigata,ADJ
autografa,ADJ
automatica,ADJ
automatico,ADJ
automaticos,ADJ
automatizado,ADJ
automtica,ADJ
autonoma,ADJ
autora,ADJ
autoridad,ADJ
autorizacin,ADJ
autorizada,ADJ
autorizadaas,ADJ
autorizadas,ADJ
autorizado,ADJ
autorizados,ADJ
autotransporte,ADJ
auvrhdfglb,ADJ
avance,ADJ
avanzada,ADJ
avanzadad,ADJ
avanzadas,ADJ
avento,ADJ
avionaso,ADJ
avisado,ADJ
aviso,ADJ
axochiapan,ADJ
ayuda,ADJ
ayuda pago,ADJ
ayudado,ADJ
ayudamo,ADJ
ayudandonos,ADJ
ayudante,ADJ
ayudaria,ADJ
ayudarnos,ADJ
azcapotzalco,ADJ
azteca,ADJ
azul,ADJ
bachillerato,ADJ
bachilleres,ADJ
baja,ADJ
bajado,ADJ
bajas,ADJ
bajos,ADJ
balanciaria,ADJ
baldios,ADJ
banacaia,ADJ
banca,ADJ
bancanet,ADJ
bancaria,ADJ
bancarias,ADJ
bancario,ADJ
bancarios,ADJ
banco,ADJ
bancomer,ADJ
bancos,ADJ
banjercito,ADJ
banorte,ADJ
banquetasa,ADJ
barata,ADJ
barato,ADJ
barbara,ADJ
barbaros,ADJ
barra,ADJ
barrera,ADJ
barreto,ADJ
barroso,ADJ
basada,ADJ
basadas,ADJ
basados,ADJ
base,ADJ
bases,ADJ
basica,ADJ
basicas,ADJ
basico,ADJ
basicos,ADJ
bastantes,ADJ
bc,ADJ
bdvvmvzgmailcom,ADJ
bebes,ADJ
becario,ADJ
bedolla,ADJ
belador,ADJ
belice,ADJ
beliceos,ADJ
bendito,ADJ
beneficiada,ADJ
beneficiadas,ADJ
beneficiaria,ADJ
beneficiario,ADJ
beneficiarios,ADJ
benefico,ADJ
benes,ADJ
benidos,ADJ
benito,ADJ
berdeja,ADJ
beria,ADJ
berraca,ADJ
berracos,ADJ
beta,ADJ
bibliotecay,ADJ
bicicleta,ADJ
bienestar,ADJ
bienpagados,ADJ
bienvenido,ADJ
bienvenidos,ADJ
bimestrales,ADJ
blanca,ADJ
blancas,ADJ
blanco,ADJ
bloqueada,ADJ
bloqueado,ADJ
bloqueador,ADJ
bloqueados,ADJ
boca,ADJ
bodegas,ADJ
boletos,ADJ
bolivar,ADJ
bomberolmvyahoocommx,ADJ
bombos,ADJ
bonita,ADJ
bonito,ADJ
boquea,ADJ
boreal,ADJ
brasil,ADJ
breve,ADJ
breves,ADJ
brillante,ADJ
brillosa,ADJ
brindada,ADJ
brindado,ADJ
broma,ADJ
brownsville,ADJ
bsica,ADJ
bsico,ADJ
bsicos,ADJ
bsqueda,ADJ
bueltas,ADJ
buen,ADJ
buena,ADJ
buenas,ADJ
buenavista,ADJ
buenisima,ADJ
bueno,ADJ
buenohay,ADJ
buenos,ADJ
buestras,ADJ
burcratas,ADJ
burla,ADJ
burocrata,ADJ
burocratas,ADJ
burocratica,ADJ
burocraticas,ADJ
burocratico,ADJ
burocraticos,ADJ
burocratizada,ADJ
burocratizado,ADJ
burocrtico,ADJ
burocrticos,ADJ
buscado,ADJ
buscador,ADJ
buscarresulta,ADJ
buzn,ADJ
cabeceras,ADJ
cabeza,ADJ
cabos,ADJ
cabrones,ADJ
cacaraqueada,ADJ
cacnnn,ADJ
cadena,ADJ
cadenas,ADJ
cader,ADJ
caduca,ADJ
caducada,ADJ
caducado,ADJ
caduco,ADJ
caido,ADJ
cajeros,ADJ
calculadora,ADJ
calendario,ADJ
calendarios,ADJ
calendarizado,ADJ
calentadores,ADJ
caleria,ADJ
calidadesmero,ADJ
calidez,ADJ
caliente,ADJ
calificacin,ADJ
california,ADJ
call,ADJ
callcenter,ADJ
calvario,ADJ
camaras,ADJ
camarena,ADJ
camberra,ADJ
cambiado,ADJ
cambiados,ADJ
cambiaria,ADJ
cambio,ADJ
camioneras,ADJ
campal,ADJ
campeche,ADJ
campesino,ADJ
campesinos,ADJ
camposesto,ADJ
camsannajgmailcom,ADJ
canad,ADJ
canada,ADJ
canadiense,ADJ
canadienses,ADJ
canales,ADJ
cancelacin,ADJ
cancelada,ADJ
cancelado,ADJ
cancelados,ADJ
candado,ADJ
candados,ADJ
canolivecommx,ADJ
cansada,ADJ
cansado,ADJ
cansados,ADJ
cantada,ADJ
cantanela,ADJ
capaces,ADJ
capacitacin,ADJ
capacitada,ADJ
capacitadas,ADJ
capacitado,ADJ
capacitador,ADJ
capacitadores,ADJ
capacitados,ADJ
capaz,ADJ
capcitacion,ADJ
capital,ADJ
capitales,ADJ
capricho,ADJ
captuiristas,ADJ
captura,ADJ
capturada,ADJ
capturadas,ADJ
capturado,ADJ
capturados,ADJ
caqptura,ADJ
cara,ADJ
caracteristicas,ADJ
caracteristico,ADJ
caractersticas,ADJ
caraente,ADJ
carajos,ADJ
caray,ADJ
carcter,ADJ
cardoso,ADJ
cardozaivanhotmailcom,ADJ
carente,ADJ
carga,ADJ
cargadeberian,ADJ
cargados,ADJ
cargos,ADJ
carisimo,ADJ
caritativas,ADJ
carlos,ADJ
caro,ADJ
caros,ADJ
carpinteria,ADJ
carranza,ADJ
carreteras,ADJ
carreteros,ADJ
carrillo,ADJ
carrizo,ADJ
carro,ADJ
carta,ADJ
cartels,ADJ
cartilla,ADJ
carton,ADJ
casado,ADJ
casados,ADJ
casihnlrnv,ADJ
caso,ADJ
castellanos,ADJ
castilla,ADJ
castro,ADJ
catarina,ADJ
categoras,ADJ
categoria,ADJ
categorica,ADJ
causa,ADJ
causado,ADJ
causantes,ADJ
cautivo,ADJ
cavesa,ADJ
cavezaconfuso,ADJ
cbatis,ADJ
cbernalvgmailcom,ADJ
cdmx,ADJ
cdula,ADJ
cdulas,ADJ
cecilia,ADJ
cedulas,ADJ
celaya,ADJ
celiavillaguillengmailcom,ADJ
celso,ADJ
celular,ADJ
celulares,ADJ
cenatra,ADJ
cenrcana,ADJ
centeno,ADJ
central,ADJ
centrales,ADJ
centralizado,ADJ
centricas,ADJ
centricos,ADJ
centroamerica,ADJ
cercana,ADJ
cercanas,ADJ
cercanaya,ADJ
cercano,ADJ
cercanos,ADJ
cerebrales,ADJ
cerificada,ADJ
cerificado,ADJ
cerrada,ADJ
cerradas,ADJ
cerrado,ADJ
cerrados,ADJ
certera,ADJ
certificada,ADJ
certificadadebido,ADJ
certificadas,ADJ
certificado,ADJ
certificados,ADJ
certiicado,ADJ
cesnav,ADJ
cetificado,ADJ
ceylanes,ADJ
cfe,ADJ
chapuceros,ADJ
charla,ADJ
chat,ADJ
checa,ADJ
checado,ADJ
checas,ADJ
checo,ADJ
chequelo,ADJ
cheques,ADJ
chetumal,ADJ
chiapaneca,ADJ
chiapas,ADJ
chicago,ADJ
chicas,ADJ
chicos,ADJ
chihuahua,ADJ
chilena,ADJ
chimalhuacan,ADJ
chingada,ADJ
chingadera,ADJ
chingado,ADJ
chingados,ADJ
chinomarciano,ADJ
chueco,ADJ
chupasangre,ADJ
cicla,ADJ
ciclado,ADJ
ciclonica,ADJ
ciec,ADJ
ciente,ADJ
cierre,ADJ
cierto,ADJ
cieudad,ADJ
ciiudad,ADJ
cindesa,ADJ
cionsulado,ADJ
cis,ADJ
cisen,ADJ
cisneros,ADJ
cistos,ADJ
cita,ADJ
citaaaaa,ADJ
citada,ADJ
citado,ADJ
citados,ADJ
citapaso,ADJ
citapor,ADJ
citas,ADJ
citassss,ADJ
citasvsea,ADJ
citios,ADJ
citoinmunogmailcom,ADJ
ciudadado,ADJ
ciudadana,ADJ
ciudadanas,ADJ
ciudadano,ADJ
ciudadanos,ADJ
civil,ADJ
civiles,ADJ
clandestino,ADJ
clara,ADJ
clarala,ADJ
claras,ADJ
claridad,ADJ
claridadla,ADJ
clarisimo,ADJ
claro,ADJ
claros,ADJ
clasificada,ADJ
claudia,ADJ
clavado,ADJ
clidos,ADJ
cliente,ADJ
clinica,ADJ
clinicas,ADJ
clnica,ADJ
clnicas,ADJ
coa,ADJ
coahuila,ADJ
coatepec,ADJ
coatzintla,ADJ
cobardes,ADJ
cobrado,ADJ
cobradores,ADJ
cobroes,ADJ
cobros,ADJ
cocas,ADJ
cofepris,ADJ
cogada,ADJ
cohabitado,ADJ
coherente,ADJ
coincida,ADJ
coladera,ADJ
colasyparadas,ADJ
colcoar,ADJ
colectivo,ADJ
colgado,ADJ
colima,ADJ
colmo,ADJ
colocada,ADJ
colombia,ADJ
colombiana,ADJ
colombiano,ADJ
colombianos,ADJ
colonia,ADJ
colonias,ADJ
coloquial,ADJ
colorado,ADJ
coment,ADJ
comentado,ADJ
comercial,ADJ
comerciales,ADJ
cometario,ADJ
comisionado,ADJ
comites,ADJ
comlicadas,ADJ
comn,ADJ
comodidad,ADJ
comodo,ADJ
comoq,ADJ
compacto,ADJ
compaeros,ADJ
compaia,ADJ
compaias,ADJ
comparacin,ADJ
comparados,ADJ
compartida,ADJ
compatible,ADJ
compatibles,ADJ
competente,ADJ
competentefarmacia,ADJ
competentes,ADJ
competo,ADJ
complcado,ADJ
compleja,ADJ
complejo,ADJ
complejos,ADJ
complementado,ADJ
complementados,ADJ
complementaria,ADJ
complementarios,ADJ
completa,ADJ
completano,ADJ
completas,ADJ
completo,ADJ
completos,ADJ
complicada,ADJ
complicadaestan,ADJ
complicadas,ADJ
complicadisimo,ADJ
complicado,ADJ
complicados,ADJ
comprados,ADJ
comprensibles,ADJ
comprimida,ADJ
comprimido,ADJ
comprobacin,ADJ
comprobada,ADJ
comprobante,ADJ
comprobantes,ADJ
comprometido,ADJ
comprovante,ADJ
compuesta,ADJ
compuesto,ADJ
compulsa,ADJ
computacin,ADJ
computacion,ADJ
computador,ADJ
computadora,ADJ
computadoras,ADJ
computados,ADJ
computo,ADJ
comrobante,ADJ
comsulados,ADJ
comun,ADJ
comunales,ADJ
comunes,ADJ
comunicacin,ADJ
comunicacion,ADJ
comunicados,ADJ
comunicarnos,ADJ
comunidad,ADJ
comutador,ADJ
comvocatorias,ADJ
conagua,ADJ
conapesca,ADJ
concedida,ADJ
concentimiento,ADJ
concentrada,ADJ
concentradormedicamentos,ADJ
conceptos,ADJ
conceptual,ADJ
concernientes,ADJ
concesion,ADJ
concesionadas,ADJ
concesionaria,ADJ
concienta,ADJ
conciliador,ADJ
concisa,ADJ
conciso,ADJ
concisos,ADJ
concluidas,ADJ
concluido,ADJ
concreta,ADJ
concretado,ADJ
concretas,ADJ
concreto,ADJ
concretos,ADJ
concrretos,ADJ
concubin,ADJ
concubina,ADJ
concubinario,ADJ
concubinas,ADJ
concubinato,ADJ
conculado,ADJ
condensada,ADJ
condicionanates,ADJ
condicionante,ADJ
condiciones,ADJ
conductas,ADJ
conducto,ADJ
conductor,ADJ
conductores,ADJ
conectado,ADJ
confesnado,ADJ
confiable,ADJ
confiables,ADJ
confiado,ADJ
configurada,ADJ
confirmacin,ADJ
confirmada,ADJ
confirmado,ADJ
conformada,ADJ
conformadas,ADJ
conforme,ADJ
conformidad,ADJ
confusa,ADJ
confusas,ADJ
confuso,ADJ
confusos,ADJ
congeladas,ADJ
congruente,ADJ
congruentes,ADJ
conjunta,ADJ
conllevaria,ADJ
conmutador,ADJ
conmutadores,ADJ
connacional,ADJ
conncientes,ADJ
conocida,ADJ
conocido,ADJ
conocidos,ADJ
conplicacion,ADJ
conscientes,ADJ
consecuente,ADJ
consecutiva,ADJ
consecutivos,ADJ
conseguido,ADJ
consejero,ADJ
conserniente,ADJ
considerable,ADJ
considerables,ADJ
considerados,ADJ
consientes,ADJ
consiguiente,ADJ
consiguientes,ADJ
consisos,ADJ
consistentes,ADJ
constancia,ADJ
constante,ADJ
constantes,ADJ
constitucional,ADJ
constitutiva,ADJ
constrancia,ADJ
construido,ADJ
construidos,ADJ
consulado,ADJ
consuladono,ADJ
consulados,ADJ
consuladoy,ADJ
consular,ADJ
consulares,ADJ
consulta,ADJ
consultados,ADJ
consultante,ADJ
consultartramites,ADJ
consultas,ADJ
consultasestados,ADJ
consultorias,ADJ
consultorio,ADJ
consultorios,ADJ
consultoriosy,ADJ
consultra,ADJ
contadas,ADJ
contado,ADJ
contadores,ADJ
contados,ADJ
contaminante,ADJ
contaminantes,ADJ
contemplado,ADJ
contenida,ADJ
contenidos,ADJ
contesar,ADJ
contestadas,ADJ
contestado,ADJ
contestadora,ADJ
continan,ADJ
continua,ADJ
continuas,ADJ
continuo,ADJ
contradicion,ADJ
contradictorio,ADJ
contraidas,ADJ
contrario,ADJ
contrasea,ADJ
contraseas,ADJ
contratado,ADJ
contratados,ADJ
contratiempos,ADJ
contratistas,ADJ
contreras,ADJ
contrerasliceamsncom,ADJ
contribullente,ADJ
contribuyente,ADJ
contribuyentes,ADJ
controladas,ADJ
controlados,ADJ
controversial,ADJ
contubernio,ADJ
conveniente,ADJ
convincente,ADJ
convocatoria,ADJ
convocatorias,ADJ
convocatotias,ADJ
conyugal,ADJ
conyugue,ADJ
cooperativa,ADJ
coordenada,ADJ
coordial,ADJ
coordinador,ADJ
coordinadora,ADJ
copado,ADJ
copia,ADJ
copiaceetificada,ADJ
copienselo,ADJ
copypaste,ADJ
cordial,ADJ
cordiales,ADJ
cordinacin,ADJ
cordinadora,ADJ
cordoba,ADJ
coreo,ADJ
corespondientelas,ADJ
corporativo,ADJ
corrales,ADJ
correccion,ADJ
correccional,ADJ
correccionse,ADJ
correcfto,ADJ
correcta,ADJ
correctas,ADJ
correcto,ADJ
correctos,ADJ
corregida,ADJ
corregido,ADJ
corregidora,ADJ
corrego,ADJ
correos,ADJ
correosdemexico,ADJ
correspondiente,ADJ
correspondientea,ADJ
correspondientes,ADJ
corresspondiente,ADJ
correto,ADJ
corrido,ADJ
corridos,ADJ
corriente,ADJ
corrigan,ADJ
corrijanlo,ADJ
corrompido,ADJ
corrupcin,ADJ
corrupta,ADJ
corrupto,ADJ
corruptos,ADJ
corta,ADJ
cortas,ADJ
cortesa,ADJ
corto,ADJ
cortos,ADJ
cortruptas,ADJ
coruptos,ADJ
cosamegafail,ADJ
costado,ADJ
costarica,ADJ
costo,ADJ
costos,ADJ
costoso,ADJ
costosos,ADJ
cotejadas,ADJ
cotidianos,ADJ
cotizacin,ADJ
cotizadas,ADJ
cotizadaslo,ADJ
cotizados,ADJ
couriers,ADJ
coyoacan,ADJ
cratches,ADJ
crditos,ADJ
crearia,ADJ
crecenciales,ADJ
credencial,ADJ
credenciales,ADJ
credencialesvan,ADJ
credenciao,ADJ
crediticio,ADJ
credito,ADJ
creditos,ADJ
creibles,ADJ
crendencial,ADJ
criadora,ADJ
criminal,ADJ
crippleyahoocom,ADJ
cripticos,ADJ
cristbal,ADJ
cristina,ADJ
cronico,ADJ
cronolgico,ADJ
cronologico,ADJ
cuadrado,ADJ
cuadrados,ADJ
cuajimalpa,ADJ
cualqueir,ADJ
cuanado,ADJ
cuantiosa,ADJ
cuarta,ADJ
cuarto,ADJ
cuaternarioque,ADJ
cuauhtemoc,ADJ
cuautitlan,ADJ
cuautla,ADJ
cuba,ADJ
cubana,ADJ
cubano,ADJ
cubanos,ADJ
cubiertos,ADJ
cuc,ADJ
cucarachas,ADJ
cuellar,ADJ
cuentadonde,ADJ
cuentahabiente,ADJ
cuernavaca,ADJ
cuerpo,ADJ
cuestin,ADJ
cuestion,ADJ
cuevas,ADJ
cuidadanos,ADJ
cuidado,ADJ
culeros,ADJ
culiacan,ADJ
culminacion,ADJ
cultural,ADJ
culturales,ADJ
cumplida,ADJ
cumplidas,ADJ
cumplido,ADJ
cumplidos,ADJ
cunto,ADJ
cuntos,ADJ
curps,ADJ
curricular,ADJ
custion,ADJ
cuuado,ADJ
cyelan,ADJ
daada,ADJ
dactilares,ADJ
dada,ADJ
dadas,ADJ
dado,ADJ
dados,ADJ
dallas,ADJ
damiana,ADJ
daria,ADJ
dariasdarias,ADJ
darn,ADJ
datoa,ADJ
davidska,ADJ
davogmailcom,ADJ
dc,ADJ
dcada,ADJ
deberiade,ADJ
debida,ADJ
debidas,ADJ
debido,ADJ
decentes,ADJ
decepcionada,ADJ
decepcionado,ADJ
deciertos,ADJ
decimo,ADJ
decimosexto,ADJ
decoroso,ADJ
dedicado,ADJ
deducible,ADJ
deecadente,ADJ
deenero,ADJ
default,ADJ
defecto,ADJ
defectos,ADJ
deficiente,ADJ
deficientes,ADJ
definido,ADJ
definidos,ADJ
definitiva,ADJ
defraudado,ADJ
defraudadores,ADJ
defraudados,ADJ
defuncin,ADJ
degenerativos,ADJ
deisynajeracancungmailcom,ADJ
dejado,ADJ
delaspersonas,ADJ
delegacin,ADJ
delegacines,ADJ
delegacion,ADJ
delegacional,ADJ
delegacionales,ADJ
delegacionalesa,ADJ
delegado,ADJ
delestado,ADJ
deletreen,ADJ
delgado,ADJ
delicada,ADJ
delinbcuentes,ADJ
delincuente,ADJ
delincuentes,ADJ
demaciadas,ADJ
demaciado,ADJ
demandado,ADJ
demas,ADJ
democrasia,ADJ
demora,ADJ
demorado,ADJ
demostrado,ADJ
dems,ADJ
denigrante,ADJ
dennos,ADJ
denominacin,ADJ
denominacion,ADJ
denominacon,ADJ
denominada,ADJ
denuncia,ADJ
denunciantes,ADJ
departamenta,ADJ
dependecia,ADJ
dependenos,ADJ
dependiente,ADJ
deplorable,ADJ
deportados,ADJ
deportiva,ADJ
depositadas,ADJ
depositado,ADJ
depositos,ADJ
depravado,ADJ
deprimente,ADJ
deprorable,ADJ
depsito,ADJ
derecha,ADJ
derecho,ADJ
derechoabiente,ADJ
derechohabiente,ADJ
derechohabientepesima,ADJ
derechohabientes,ADJ
derechohanbiente,ADJ
derechos,ADJ
derechoses,ADJ
derechosporque,ADJ
derivadas,ADJ
derivado,ADJ
derivados,ADJ
derochanbiente,ADJ
derogeelimine,ADJ
desabilitadas,ADJ
desactivadas,ADJ
desactualizado,ADJ
desactualizados,ADJ
desagradable,ADJ
desagrado,ADJ
desahoaga,ADJ
desamparados,ADJ
desapareci,ADJ
desargar,ADJ
desarrollado,ADJ
desarrolladores,ADJ
descapacida,ADJ
descarga,ADJ
descargable,ADJ
descargables,ADJ
descendientes,ADJ
descentralizadas,ADJ
descentralizados,ADJ
descepcionante,ADJ
descolgado,ADJ
descolgados,ADJ
descolgaros,ADJ
desconcentre,ADJ
desconectado,ADJ
desconectados,ADJ
desconocidas,ADJ
desconsiderado,ADJ
descordinada,ADJ
descriptivos,ADJ
descrito,ADJ
descritos,ADJ
descubierta,ADJ
descubierto,ADJ
descuento,ADJ
descuentos,ADJ
descuido,ADJ
deseada,ADJ
desechado,ADJ
desecho,ADJ
desempleados,ADJ
desepcionante,ADJ
desesoerante,ADJ
desesperada,ADJ
desesperados,ADJ
desesperante,ADJ
desgastante,ADJ
desgastantes,ADJ
desgastarian,ADJ
desgloses,ADJ
desian,ADJ
desinformado,ADJ
desinstalado,ADJ
deslindados,ADJ
desmejoro,ADJ
desmotiva,ADJ
desnudo,ADJ
desordenada,ADJ
desordenado,ADJ
desorganizada,ADJ
despectiva,ADJ
despedido,ADJ
despeinados,ADJ
despejadas,ADJ
despejarian,ADJ
desperdicio,ADJ
despericiadero,ADJ
despidos,ADJ
despilfarrado,ADJ
despistado,ADJ
despistados,ADJ
desplega,ADJ
desplegable,ADJ
desplegada,ADJ
despota,ADJ
despotas,ADJ
desprotegido,ADJ
despues,ADJ
desquiciante,ADJ
destinada,ADJ
destinados,ADJ
destinas,ADJ
detallada,ADJ
detalladas,ADJ
detallado,ADJ
detallados,ADJ
detenida,ADJ
detenidas,ADJ
detenido,ADJ
determinada,ADJ
determinado,ADJ
determinados,ADJ
detestable,ADJ
deudos,ADJ
devengado,ADJ
devengados,ADJ
devido,ADJ
devlolucion,ADJ
devuelto,ADJ
devueltos,ADJ
dewcuentos,ADJ
df,ADJ
dgdidac,ADJ
dia,ADJ
diagnosticadas,ADJ
diagnosticado,ADJ
diaria,ADJ
diarias,ADJ
diario,ADJ
diarios,ADJ
dias,ADJ
diceador,ADJ
dicha,ADJ
dichas,ADJ
dicho,ADJ
dichos,ADJ
dichosa,ADJ
dichosas,ADJ
dichosos,ADJ
diconsa,ADJ
dictaminacion,ADJ
dictaminador,ADJ
dierente,ADJ
dif,ADJ
difcil,ADJ
difciles,ADJ
diferenciada,ADJ
diferenciadas,ADJ
diferente,ADJ
diferentes,ADJ
diferentesoficinas,ADJ
diferido,ADJ
dificil,ADJ
dificiles,ADJ
dificl,ADJ
dificultoso,ADJ
difinidos,ADJ
difucion,ADJ
difundido,ADJ
difundidos,ADJ
difusa,ADJ
difusores,ADJ
diganlo,ADJ
diganno,ADJ
diganque,ADJ
digital,ADJ
digitales,ADJ
digitalizacin,ADJ
digitalizada,ADJ
digitalizadas,ADJ
digitalizado,ADJ
digitalizados,ADJ
digna,ADJ
digno,ADJ
diistintas,ADJ
dinamarca,ADJ
dinamica,ADJ
dinamico,ADJ
dios,ADJ
dioses,ADJ
diplomaticos,ADJ
diplomticas,ADJ
diponible,ADJ
direccin,ADJ
direccionas,ADJ
direcciones,ADJ
direccionesvwuectipo,ADJ
directa,ADJ
directas,ADJ
directirces,ADJ
directivos,ADJ
directo,ADJ
director,ADJ
directora,ADJ
directorio,ADJ
directos,ADJ
directrores,ADJ
direno,ADJ
dirigentes,ADJ
dirigete,ADJ
dirigida,ADJ
dirigidas,ADJ
dirigido,ADJ
dirijido,ADJ
discapacidad,ADJ
discapacitada,ADJ
discapacitado,ADJ
discapacitados,ADJ
discapasitada,ADJ
disclpenme,ADJ
discrecional,ADJ
discretas,ADJ
discriminatorio,ADJ
disculpa,ADJ
disculpentengo,ADJ
diseada,ADJ
diseadas,ADJ
diseado,ADJ
diseo,ADJ
dispares,ADJ
dispersa,ADJ
dispersas,ADJ
disponible,ADJ
disponibles,ADJ
disponiblesnomas,ADJ
disposnible,ADJ
dispuesto,ADJ
distinta,ADJ
distintas,ADJ
distintivo,ADJ
distintivos,ADJ
distinto,ADJ
distintos,ADJ
distorciona,ADJ
distribuida,ADJ
distribuidos,ADJ
distrubuidora,ADJ
diurna,ADJ
divas,ADJ
diversa,ADJ
diverso,ADJ
divisoria,ADJ
divorciado,ADJ
divorciados,ADJ
dmondragonhotmailcom,ADJ
dndoles,ADJ
do piso,ADJ
doblada,ADJ
doble,ADJ
dobles,ADJ
docente,ADJ
docentes,ADJ
docotos,ADJ
docto,ADJ
doctora,ADJ
doctorado,ADJ
doctores,ADJ
doctos,ADJ
documentacin,ADJ
documental,ADJ
documentocoahuila,ADJ
documentos,ADJ
documentose,ADJ
documetnos,ADJ
dof,ADJ
dolares,ADJ
doloroso,ADJ
dolosos,ADJ
domador,ADJ
domesticas,ADJ
domicilio,ADJ
domicilioregistrado,ADJ
domicilios,ADJ
domicilo,ADJ
dominicana,ADJ
donador,ADJ
donante,ADJ
donataria,ADJ
donatarias,ADJ
donativo,ADJ
donsantingmailcom,ADJ
dorada,ADJ
dosificaria,ADJ
dpa,ADJ
dr,ADJ
drarroyo,ADJ
drbaezcirugiaesteticagmailcom,ADJ
dres,ADJ
drgudinoprodigynetmx,ADJ
droga,ADJ
dse,ADJ
dshagan,ADJ
dspota,ADJ
duadas,ADJ
dudas,ADJ
dueo,ADJ
dueos,ADJ
dulce,ADJ
duplicacion,ADJ
duplicada,ADJ
duplicado,ADJ
duplicados,ADJ
duplicidad,ADJ
dura,ADJ
duracin,ADJ
durango,ADJ
duras,ADJ
duro,ADJ
easerl,ADJ
ebarragancsegobgobmx,ADJ
ebentranroadrunnercom,ADJ
ecatepec,ADJ
echense,ADJ
ecinco,ADJ
econmica,ADJ
econmicos,ADJ
economica,ADJ
economicas,ADJ
economico,ADJ
economicos,ADJ
ecuador,ADJ
ecuatorianos,ADJ
edades,ADJ
edcrito,ADJ
edisson,ADJ
editable,ADJ
editables,ADJ
edithchotmailcom,ADJ
edmundo,ADJ
edo,ADJ
educada,ADJ
educadas,ADJ
educados,ADJ
education,ADJ
educativa,ADJ
educativas,ADJ
educativo,ADJ
educativos,ADJ
ee,ADJ
eecshotmailcom,ADJ
eejercito,ADJ
eeuu,ADJ
efectiva,ADJ
efectivas,ADJ
efectivo,ADJ
efectivos,ADJ
efectuada,ADJ
efectuado,ADJ
efectuados,ADJ
eficaces,ADJ
eficas,ADJ
eficaz,ADJ
eficeinte,ADJ
eficiente,ADJ
eficientes,ADJ
efirma,ADJ
egresada,ADJ
egresado,ADJ
egresados,ADJ
ejecutada,ADJ
ejecutiva,ADJ
ejecutivo,ADJ
ejecutivos,ADJ
ejemlo,ADJ
ejemplar,ADJ
ejemplificado,ADJ
ejemplos,ADJ
ejercito,ADJ
ejersa,ADJ
ejidal,ADJ
ejidales,ADJ
ejidatario,ADJ
ejidos,ADJ
ejrcito,ADJ
ekerido,ADJ
elaborada,ADJ
elacusecuado,ADJ
elcomprobante,ADJ
elctricos,ADJ
eldirectorio,ADJ
elector,ADJ
electoral,ADJ
electorales,ADJ
electrica,ADJ
electricas,ADJ
electrnica,ADJ
electrnicas,ADJ
electrnico,ADJ
electrnicos,ADJ
electronica,ADJ
electronicano,ADJ
electronicas,ADJ
electronicasoy,ADJ
electronico,ADJ
electronicos,ADJ
electronicospdf,ADJ
elegido,ADJ
elegir salen,ADJ
elelctronica,ADJ
eleltronico,ADJ
elemental,ADJ
eletronica,ADJ
elevado,ADJ
elevados,ADJ
eliminado,ADJ
eliminenlo,ADJ
elizabeth,ADJ
elmpago,ADJ
elmunicipio,ADJ
elo,ADJ
elproceso,ADJ
elsistema,ADJ
embajada,ADJ
embarazada,ADJ
embrollos,ADJ
emexico,ADJ
emgrentes,ADJ
emiratos,ADJ
emitida,ADJ
emitidas,ADJ
emitido,ADJ
emitidos,ADJ
emocional,ADJ
empeorado,ADJ
emplado,ADJ
emplados,ADJ
empleadas,ADJ
empleado,ADJ
empleador,ADJ
empleadores,ADJ
empleados,ADJ
emprendedor,ADJ
emprendedores,ADJ
empresa,ADJ
empresariales,ADJ
encabezado,ADJ
encargada,ADJ
encargadas,ADJ
encargado,ADJ
encargados,ADJ
encerrado,ADJ
encimada,ADJ
encimado,ADJ
encontrada,ADJ
encontrado,ADJ
encontrados,ADJ
encontrat,ADJ
encriptada,ADJ
encuartelado,ADJ
encuentro,ADJ
ende,ADJ
energetica,ADJ
enferma,ADJ
enfermeras,ADJ
enfermo,ADJ
enfocado,ADJ
engaos,ADJ
engorrosa,ADJ
engorrosas,ADJ
engorroso,ADJ
engorrosos,ADJ
engorrozos,ADJ
enhidalgo,ADJ
enlaces,ADJ
enlances,ADJ
enlazado,ADJ
enlistado,ADJ
enlistados,ADJ
enmienda,ADJ
enojada,ADJ
enojos,ADJ
enorme,ADJ
enprendedores,ADJ
enredada,ADJ
enredadera,ADJ
enredado,ADJ
enredoso,ADJ
enriquecontrerasabengoacom,ADJ
enrredado,ADJ
enseen,ADJ
ensenada,ADJ
entences,ADJ
entendible,ADJ
entendibles,ADJ
entendido,ADJ
entera,ADJ
enteradas,ADJ
enterado,ADJ
enterados,ADJ
enteras,ADJ
entero,ADJ
enteros,ADJ
entidad,ADJ
entorno,ADJ
entrado,ADJ
entrecortada,ADJ
entrega,ADJ
entregada,ADJ
entregado,ADJ
entregadocotejado,ADJ
entristecido,ADJ
envespecifico,ADJ
envi,ADJ
enviada,ADJ
enviadas,ADJ
enviado,ADJ
enviados,ADJ
enviarian,ADJ
enviarsela,ADJ
envios,ADJ
envo,ADJ
epeciales,ADJ
equidad,ADJ
equivalentes,ADJ
equivocada,ADJ
equivocado,ADJ
equivocastes,ADJ
erdida,ADJ
ermamitos,ADJ
ermanito,ADJ
ermoso,ADJ
erro,ADJ
erronea,ADJ
erroneas,ADJ
erroneo,ADJ
erroneos,ADJ
error,ADJ
escamilla,ADJ
escandaloso,ADJ
escaneada,ADJ
escaneadas,ADJ
escaneado,ADJ
escaneados,ADJ
escasa,ADJ
escaso,ADJ
escencial,ADJ
esclavo,ADJ
escogidas,ADJ
escolar,ADJ
escolaridad,ADJ
escondida,ADJ
escondidoponganlo,ADJ
escondidos,ADJ
escribible,ADJ
escrita,ADJ
escritas,ADJ
escrito,ADJ
escritorio,ADJ
escritos,ADJ
escritta,ADJ
escuchado,ADJ
escueta,ADJ
escueto,ADJ
esencial,ADJ
espaa,ADJ
espanol,ADJ
espantosa,ADJ
espaol,ADJ
espaolcomo,ADJ
espaolesa,ADJ
espartanhotmailcom,ADJ
esparza,ADJ
especfica,ADJ
especficas,ADJ
especfico,ADJ
especficos,ADJ
especial,ADJ
especiales,ADJ
especialisada,ADJ
especialista,ADJ
especialistas,ADJ
especializada,ADJ
especificada,ADJ
especificadas,ADJ
especificado,ADJ
especificados,ADJ
especificas,ADJ
especificios,ADJ
especifico,ADJ
especificos,ADJ
esperado,ADJ
esperados,ADJ
esperas,ADJ
esperon,ADJ
esperto,ADJ
espesifica,ADJ
espesificos,ADJ
espinosa,ADJ
espinoza,ADJ
esplicado,ADJ
esposo,ADJ
espurio,ADJ
esqueletica,ADJ
esquivel,ADJ
esspecificados,ADJ
est,ADJ
estableci,ADJ
establecida,ADJ
establecidas,ADJ
establecido,ADJ
establecidos,ADJ
estadisponible,ADJ
estadoas,ADJ
estancado,ADJ
estancados,ADJ
estancas,ADJ
estancias,ADJ
estandar,ADJ
estandares,ADJ
estaria,ADJ
estatal,ADJ
estatales,ADJ
estimada,ADJ
estimado,ADJ
estimados,ADJ
estipuladas,ADJ
estipulado,ADJ
estipulados,ADJ
estndares,ADJ
estrabeacd,ADJ
estratificada,ADJ
estratregas,ADJ
estresante,ADJ
estrictos,ADJ
estructuracin,ADJ
estructurada,ADJ
estructurado,ADJ
esttico,ADJ
estudiado,ADJ
estudiante,ADJ
estudiantes,ADJ
estudiosni,ADJ
estupenda,ADJ
estupendo,ADJ
estupida,ADJ
estupido,ADJ
eta,ADJ
etc,ADJ
etcetera,ADJ
etclos,ADJ
eterna,ADJ
etica,ADJ
eugenia,ADJ
europa,ADJ
europeas,ADJ
evacuado,ADJ
evasores,ADJ
eventual,ADJ
eventuales,ADJ
evidente,ADJ
evitable,ADJ
evitaria,ADJ
ex,ADJ
exacta,ADJ
exactas,ADJ
exactitud,ADJ
exacto,ADJ
exactos,ADJ
exagerado,ADJ
exagerados,ADJ
exasperante,ADJ
excedente,ADJ
excedentes,ADJ
excelente,ADJ
excelso,ADJ
excepcional,ADJ
excesiva,ADJ
excesivo,ADJ
excesivos,ADJ
exclusivo,ADJ
exe,ADJ
exigentes,ADJ
exigibles,ADJ
exigida,ADJ
exigido,ADJ
existente,ADJ
existentes,ADJ
exito,ADJ
exitosa,ADJ
exorbitantes,ADJ
expatrones,ADJ
expecifica,ADJ
expedicin,ADJ
expedicion,ADJ
expedida,ADJ
expedidas,ADJ
expedido,ADJ
expedita,ADJ
expeditado,ADJ
expedito,ADJ
expeditos,ADJ
experimemntados,ADJ
expertas,ADJ
experto,ADJ
expertos,ADJ
expirada,ADJ
explanada,ADJ
explcitos,ADJ
explicacin,ADJ
explicada,ADJ
explicado,ADJ
explicados,ADJ
explicativa,ADJ
explicativos,ADJ
explicatoria,ADJ
explicita,ADJ
explicito,ADJ
explicitos,ADJ
explicta,ADJ
exploracin,ADJ
exploradores,ADJ
explosiva,ADJ
exponerles,ADJ
expresados,ADJ
express,ADJ
expuestas,ADJ
expuesto,ADJ
expuestos,ADJ
extanjero,ADJ
extanjeros,ADJ
extemporaneo,ADJ
extemporaneos,ADJ
extempornea,ADJ
extemporneo,ADJ
extendida,ADJ
extendidos,ADJ
extensa,ADJ
extensas,ADJ
extenso,ADJ
extensos,ADJ
exterior,ADJ
exteriores,ADJ
externa,ADJ
externo,ADJ
externos,ADJ
extorcionador,ADJ
extra,ADJ
extrabajador,ADJ
extrabajadora,ADJ
extrabio,ADJ
extraido,ADJ
extraidos,ADJ
extrangeros,ADJ
extranjera,ADJ
extranjeras,ADJ
extranjero,ADJ
extranjerocomo,ADJ
extranjeros,ADJ
extranjerosnacionales,ADJ
extraordinaria,ADJ
extraordinarios,ADJ
extras,ADJ
extraviada,ADJ
extraviado,ADJ
extravian,ADJ
extravo,ADJ
extrema,ADJ
extremada,ADJ
extremo,ADJ
fabiola,ADJ
facebookrecordar,ADJ
facil,ADJ
faciles,ADJ
facilitaria,ADJ
facilitenlo,ADJ
factible,ADJ
facturacin,ADJ
facturas,ADJ
facultada,ADJ
falla,ADJ
fallecido,ADJ
fallidos,ADJ
falsa,ADJ
falsas,ADJ
falsificadas,ADJ
falso,ADJ
falsos,ADJ
falta,ADJ
faltante,ADJ
faltaria,ADJ
falto,ADJ
faltos,ADJ
famiiarizadas,ADJ
familiar,ADJ
familiares,ADJ
familiarizada,ADJ
familiarizado,ADJ
familiarizados,ADJ
famosas,ADJ
famoso,ADJ
fantasmas,ADJ
fantastico,ADJ
farsa,ADJ
fascilitarian,ADJ
fasil,ADJ
fasilitaria,ADJ
fastidiadas,ADJ
fastidiosa,ADJ
fastidioso,ADJ
fatal,ADJ
favela,ADJ
favor,ADJ
favorable,ADJ
favorables,ADJ
favoritos,ADJ
fcil,ADJ
fciles,ADJ
fea,ADJ
fecha,ADJ
fechas,ADJ
federal,ADJ
federales,ADJ
federalsegob,ADJ
federalvisitaduria,ADJ
federativa,ADJ
federativas,ADJ
federativos,ADJ
fehaciente,ADJ
felices,ADJ
felicidades,ADJ
felicito,ADJ
felix,ADJ
feliz,ADJ
femenil,ADJ
feo,ADJ
feos,ADJ
fernely,ADJ
festivos,ADJ
fexubles,ADJ
fiasco,ADJ
fichados,ADJ
fidedigna,ADJ
fideicomiso,ADJ
fiel,ADJ
fija,ADJ
fijado,ADJ
fijense,ADJ
fijo,ADJ
fijos,ADJ
fil,ADJ
filiacion,ADJ
fin,ADJ
fina,ADJ
final,ADJ
finales,ADJ
finalizado,ADJ
finalmete,ADJ
financiera,ADJ
financieras,ADJ
financiero,ADJ
financieros,ADJ
financieross,ADJ
finas,ADJ
firma,ADJ
firmada,ADJ
firmado,ADJ
firmados,ADJ
firme,ADJ
fiscal,ADJ
fiscales,ADJ
fisica,ADJ
fisicas,ADJ
fisico,ADJ
fisicos,ADJ
fisonomicos,ADJ
fjense,ADJ
flagrantes,ADJ
flexible,ADJ
flexibles,ADJ
flojos,ADJ
florentino,ADJ
fluida,ADJ
fluido,ADJ
flujo,ADJ
flujos,ADJ
foco,ADJ
foja,ADJ
foliada,ADJ
folio,ADJ
fomento,ADJ
fondo,ADJ
foranea,ADJ
foraneas,ADJ
foraneo,ADJ
foraneos,ADJ
forestacion,ADJ
forestal,ADJ
forestales,ADJ
formacion,ADJ
formacioncontinua,ADJ
formada,ADJ
formadas,ADJ
formado,ADJ
formados,ADJ
formal,ADJ
formales,ADJ
formas,ADJ
formato,ADJ
formatos,ADJ
formatosolicitud,ADJ
formula,ADJ
formulado,ADJ
formulario,ADJ
formularios,ADJ
forzoso,ADJ
fosado,ADJ
fotmato,ADJ
fotocopias,ADJ
fotografas,ADJ
fotopero,ADJ
fotostaticas,ADJ
fotostaticasfotos,ADJ
fotostticas,ADJ
fovissste,ADJ
fraccionada,ADJ
fragua,ADJ
frances,ADJ
francisco,ADJ
fraudulenta,ADJ
fraudulentos,ADJ
fray,ADJ
frecuentes,ADJ
fregado,ADJ
frenadas,ADJ
frias,ADJ
friendly,ADJ
frio,ADJ
friolluvia,ADJ
fromatos,ADJ
frontera,ADJ
fronteriza,ADJ
frustrada,ADJ
frustrante,ADJ
fsica,ADJ
fsicas,ADJ
fsico,ADJ
fsicos,ADJ
fucking,ADJ
fuego,ADJ
fuerte,ADJ
fuertes,ADJ
fumigadoras,ADJ
funcionado,ADJ
funcional,ADJ
funcionales,ADJ
funcionario,ADJ
funcionenunca,ADJ
fundado,ADJ
fundamentada,ADJ
fundamental,ADJ
funerales,ADJ
funeraria,ADJ
funerarias,ADJ
funerario,ADJ
funerarios,ADJ
futuras,ADJ
futuro,ADJ
gabriela,ADJ
gabycastroradiogmailcom,ADJ
gachos,ADJ
gafet,ADJ
galeana,ADJ
galerias,ADJ
gallagheralanyahoocom,ADJ
gamadero,ADJ
ganadero,ADJ
ganaderos,ADJ
garca,ADJ
garciacorreoangeleslirayahoocommx,ADJ
garciagalavizprodigynetmx,ADJ
garrafal,ADJ
gasolina,ADJ
gasolinaso,ADJ
gastado,ADJ
gautemala,ADJ
gelatinas,ADJ
generacin,ADJ
generada,ADJ
generador,ADJ
generadora,ADJ
generadores,ADJ
general,ADJ
generaldireccion,ADJ
generales,ADJ
generico,ADJ
genero,ADJ
generosa,ADJ
genial,ADJ
gentebueno,ADJ
gentil,ADJ
geograficas,ADJ
gerardo,ADJ
gestora,ADJ
gestores,ADJ
gigantesca,ADJ
giles,ADJ
gina,ADJ
giovanna,ADJ
gipyxegillyopmailcom,ADJ
global,ADJ
gobernacin,ADJ
gobierno,ADJ
gobirno,ADJ
gonorrea,ADJ
gonzalez,ADJ
gpemtzslivecommx,ADJ
grabacin,ADJ
grabadora,ADJ
gracias,ADJ
grafica,ADJ
gran,ADJ
grande,ADJ
grandes,ADJ
gratis,ADJ
grato,ADJ
gratuita,ADJ
gratuito,ADJ
gravamen,ADJ
grave,ADJ
graves,ADJ
gregorio,ADJ
gringa,ADJ
gris,ADJ
grosera,ADJ
groseras,ADJ
grosero,ADJ
groseros,ADJ
grosersa,ADJ
groso,ADJ
grx,ADJ
guadalajara,ADJ
guadalupe,ADJ
guanajuato,ADJ
guanajuatomi,ADJ
guardado,ADJ
guarderias,ADJ
guatemala,ADJ
guatemaltecos,ADJ
guayaquil,ADJ
guaymas,ADJ
gubernamental,ADJ
gubernamentales,ADJ
guerrero,ADJ
guerreros,ADJ
guias,ADJ
gurria,ADJ
gustaria,ADJ
gustavo,ADJ
gusto,ADJ
gustos,ADJ
guvernamental,ADJ
haacer,ADJ
habanapues,ADJ
habiente,ADJ
habientes,ADJ
habiertas,ADJ
habiles,ADJ
habilies,ADJ
habilitada,ADJ
habilitado,ADJ
habilitados,ADJ
habitacional,ADJ
habitantes,ADJ
habriria,ADJ
haccer,ADJ
haceoco,ADJ
haciende,ADJ
haddad,ADJ
harta,ADJ
harto,ADJ
hecha,ADJ
hecho,ADJ
hechos,ADJ
hermana,ADJ
hermosillo,ADJ
hernandez,ADJ
herramienta,ADJ
herramientas,ADJ
hganlas,ADJ
hidalgo,ADJ
higiene,ADJ
higienicas,ADJ
hijos,ADJ
hipertensa,ADJ
hipervnculo,ADJ
hipocrates,ADJ
hipotecario,ADJ
hipotecarios,ADJ
hiramhotmailcom,ADJ
hispano,ADJ
hispnicos,ADJ
historial,ADJ
historica,ADJ
historicas,ADJ
historico,ADJ
historicos,ADJ
hoja,ADJ
hola sera,ADJ
holano,ADJ
homogeneos,ADJ
homologadas,ADJ
homosexuales,ADJ
honestas,ADJ
honesto,ADJ
honestos,ADJ
honorable,ADJ
honradas,ADJ
honrados,ADJ
horario,ADJ
horarios,ADJ
horia,ADJ
horrendaineficiente,ADJ
horrible,ADJ
horror,ADJ
hospital,ADJ
hospitalarias,ADJ
hostil,ADJ
hotmailcom,ADJ
houston,ADJ
http,ADJ
httpdgetisepgobmxindexphpofertaeducativayplantelesubicatuplantel,ADJ
httpdirectoriosregobmxindexphpdelegacionesdelegacionjalisco,ADJ
httplaasociacionmextlasociacioncomercialwebhtml,ADJ
https,ADJ
httpsepgobmxessepsepgradoacademico,ADJ
httpsmexitelsregobmxcitaswebportal,ADJ
httpsmexitelsregobmxcitaswebportalpagespublicloginloginjsf,ADJ
httpsoficinavirtualissstegobmxserviciosacreditaciondenoafiliacion,ADJ
httpsoficinavirtualissstegobmxservicioscambiodedomicilio,ADJ
httpsregobmxtramitesyserviciospasaportes,ADJ
httpsregobmxvigenciasdepasaportes,ADJ
httpstwittercomalestylefelder,ADJ
httpstwittercomalestylefelderstatus,ADJ
httpstyssedesolgobmxtramitevistaspublictramitedispatcherxhtmlcvesedesola,ADJ
httpwwwcedulaprofesionalsepgobmxcedula,ADJ
httpwwwcitassepgobmxcitas,ADJ
httpwwwimssgobmxderechohsemanascotizadas,ADJ
httpwwwinmgobmxindexphp,ADJ
httpwwwsregobmxindexphpcitas,ADJ
huauchinango,ADJ
huerfano,ADJ
huevones,ADJ
hugogonzihotmailcom,ADJ
huitroncovarrubiasoutlookcom,ADJ
huixquilucan,ADJ
humana,ADJ
humanitaria,ADJ
humanitario,ADJ
humano,ADJ
humanomujer,ADJ
humanos,ADJ
humedeciniento,ADJ
humilde,ADJ
humoradas,ADJ
hurtado,ADJ
ibarra,ADJ
iclusive,ADJ
ideal,ADJ
identica,ADJ
identicas,ADJ
identicos,ADJ
identidad,ADJ
identidicacion,ADJ
identificable,ADJ
identificacin,ADJ
identificada,ADJ
identificado,ADJ
idiotas,ADJ
ido,ADJ
idse,ADJ
ife,ADJ
ignaciobautistahotmailcom,ADJ
ignoracia,ADJ
ignorante,ADJ
ignorantes,ADJ
igual,ADJ
iguales,ADJ
ii,ADJ
ilegal,ADJ
ilegible,ADJ
ilegibles,ADJ
ilgico,ADJ
ilicito,ADJ
illinois,ADJ
ilogica,ADJ
ilogico,ADJ
ilogicos,ADJ
imagenes,ADJ
imaginado,ADJ
imagine,ADJ
imaginensen,ADJ
imagino,ADJ
imcompleta,ADJ
imediat,ADJ
imediato,ADJ
imeginense,ADJ
imigrante,ADJ
imigrantes,ADJ
imigration,ADJ
imparticion,ADJ
impecable,ADJ
impedimento,ADJ
impi,ADJ
implementada,ADJ
implementados,ADJ
implicados,ADJ
implicaria,ADJ
implicito,ADJ
importacin,ADJ
importados,ADJ
importantantes,ADJ
importante,ADJ
importantes,ADJ
importantisimo,ADJ
imposibilitadas,ADJ
imposibilitados,ADJ
imposible,ADJ
imposibles,ADJ
imposioble,ADJ
impractico,ADJ
imprecin,ADJ
impresa,ADJ
impresas,ADJ
impresionante,ADJ
impreso,ADJ
imprevistas,ADJ
imprevistos,ADJ
imprimible,ADJ
imprimidas,ADJ
imprimirla,ADJ
imprimirlo,ADJ
impsible,ADJ
impuerstos,ADJ
impuesto,ADJ
impuestos,ADJ
impune,ADJ
imssgobmx,ADJ
imternet,ADJ
inaccecibles,ADJ
inaccesible,ADJ
inaceptable,ADJ
inactivo,ADJ
inaes,ADJ
inah,ADJ
inalmbricos,ADJ
inapam,ADJ
inasequibles,ADJ
inaxcequible,ADJ
incapaces,ADJ
incapacida,ADJ
incapacitada,ADJ
incapacitadadas,ADJ
incapacitadas,ADJ
incapacitado,ADJ
incapacitados,ADJ
incidente,ADJ
incierto,ADJ
inciso,ADJ
includo,ADJ
incluida,ADJ
incluido,ADJ
inclusive,ADJ
incluyente,ADJ
incluyentes,ADJ
incoherente,ADJ
incomodo,ADJ
incompatibles,ADJ
incompetente,ADJ
incompetentes,ADJ
incompleta,ADJ
incompleto,ADJ
incompletos,ADJ
inconcebible,ADJ
inconcluso,ADJ
inconforme,ADJ
inconformes,ADJ
incongruente,ADJ
inconsebible,ADJ
inconstitucionales,ADJ
inconveniente,ADJ
incopetentes,ADJ
incorecto,ADJ
incorporacion,ADJ
incorporado,ADJ
incorporados,ADJ
incorrecta,ADJ
incorrectano,ADJ
incorrecto,ADJ
incorrectos,ADJ
incorreto,ADJ
incortrecto,ADJ
increble,ADJ
increible,ADJ
increibles,ADJ
increment,ADJ
incrible,ADJ
incritos,ADJ
incultas,ADJ
incumplido,ADJ
indebida,ADJ
indebido,ADJ
indebidos,ADJ
indefinido,ADJ
independientes,ADJ
indexada,ADJ
indicada,ADJ
indicadas,ADJ
indicado,ADJ
indicaria,ADJ
indiferentes,ADJ
indigena,ADJ
indigenas,ADJ
indignante,ADJ
indispensable,ADJ
indispensables,ADJ
indispensablr,ADJ
individual,ADJ
individuales,ADJ
individuo,ADJ
indometacina,ADJ
industrial,ADJ
ine,ADJ
inea,ADJ
inecesaria,ADJ
inecesariaes,ADJ
inecesario,ADJ
ineficaces,ADJ
ineficaz,ADJ
ineficiente,ADJ
ineficientes,ADJ
inegrar,ADJ
inentendible,ADJ
inepto,ADJ
ineptos,ADJ
inequidad,ADJ
inernet,ADJ
ineterbancaria,ADJ
inexistencia,ADJ
inexistenetes,ADJ
inexistente,ADJ
inexistentes,ADJ
infante,ADJ
infantil,ADJ
infantiles,ADJ
inferior,ADJ
inferiores,ADJ
infiltrado,ADJ
infinitum,ADJ
info,ADJ
informacin,ADJ
informacion portal,ADJ
informacionpersonal,ADJ
informada,ADJ
informadas,ADJ
informado,ADJ
informales,ADJ
informatica,ADJ
informatico,ADJ
informaticos,ADJ
informativa,ADJ
informativo,ADJ
informativos,ADJ
informcaion,ADJ
informe,ADJ
informtico,ADJ
infranqueable,ADJ
infrmate,ADJ
infructuosa,ADJ
infructuosos,ADJ
ingenieria,ADJ
ingenieros,ADJ
ingles,ADJ
ingresadas,ADJ
ingresados,ADJ
ingresas,ADJ
ingreso,ADJ
inguna,ADJ
inhabil,ADJ
inhabilitado,ADJ
inhbiles,ADJ
inhumanos,ADJ
iniciada,ADJ
iniciado,ADJ
inicial,ADJ
iniciales,ADJ
inicio,ADJ
iniciotodo,ADJ
injusto,ADJ
injustos,ADJ
inm,ADJ
inmediantas,ADJ
inmediata,ADJ
inmediatagracia,ADJ
inmediatas,ADJ
inmediato,ADJ
inmediatos,ADJ
inmovil,ADJ
inmuebles,ADJ
inmveracruz,ADJ
innecesaria,ADJ
innecesarias,ADJ
innecesario,ADJ
innecesarios,ADJ
innumerables,ADJ
inoperante,ADJ
inormacion,ADJ
inplementados,ADJ
inpuestos,ADJ
inscripcin,ADJ
inscripciones,ADJ
inscrita,ADJ
inscrito,ADJ
inscritos,ADJ
inseguro,ADJ
inservible,ADJ
insetar,ADJ
insistido,ADJ
insisto,ADJ
insostenible,ADJ
inspectores,ADJ
instalado,ADJ
institucional,ADJ
institucionales,ADJ
instituidos,ADJ
instituto,ADJ
instruccin,ADJ
instructivo,ADJ
instructor,ADJ
instructores,ADJ
instrumathotmailcom,ADJ
instrutivo,ADJ
insuficiente,ADJ
insuficientes,ADJ
insulina,ADJ
insultativos,ADJ
insurgentes,ADJ
integracin,ADJ
integracion,ADJ
integrado,ADJ
integral,ADJ
integrante,ADJ
intelectual,ADJ
intelectuales,ADJ
inteligente,ADJ
inteligentes,ADJ
intencional,ADJ
intenet,ADJ
intentado,ADJ
intentanto,ADJ
interactiva,ADJ
interactivo,ADJ
interbancaria,ADJ
interbancarias,ADJ
interbancario,ADJ
interesada,ADJ
interesado,ADJ
interesados,ADJ
interesantes,ADJ
intereseseales,ADJ
interezados,ADJ
interfas,ADJ
interfaz,ADJ
interior,ADJ
intermediario,ADJ
intermediarios,ADJ
interminable,ADJ
interminables,ADJ
internacion,ADJ
internacional,ADJ
internada,ADJ
internas,ADJ
international,ADJ
internet,ADJ
internete,ADJ
internetllevo,ADJ
internetpara,ADJ
internetque,ADJ
interno,ADJ
internos,ADJ
inters,ADJ
intil,ADJ
intranet,ADJ
intransferible,ADJ
intransigentes,ADJ
intratables,ADJ
intuitiva,ADJ
intuitivo,ADJ
inutil,ADJ
inutiles,ADJ
invadida,ADJ
invadido,ADJ
invalidez,ADJ
invalido,ADJ
invalidos,ADJ
invasores,ADJ
inventado,ADJ
inverido,ADJ
inverosimil,ADJ
invertidas,ADJ
invertido,ADJ
investigadora,ADJ
investigadores,ADJ
invicta,ADJ
involucrados,ADJ
iposible,ADJ
irapuato,ADJ
iris,ADJ
irma,ADJ
irracional,ADJ
irregular,ADJ
irrelevante,ADJ
irrespeto,ADJ
irrespetuosos,ADJ
irresponsable,ADJ
irrisorio,ADJ
irritante,ADJ
irritantes,ADJ
isabel,ADJ
isagpehotmailcom,ADJ
ismael,ADJ
ismaeltorressandovalgmailcom,ADJ
isncritos,ADJ
israel,ADJ
issste,ADJ
issstetel,ADJ
isste,ADJ
itinerantes,ADJ
itnernet,ADJ
ivanka,ADJ
ivanovokhotmailcom,ADJ
ix,ADJ
ixtepec,ADJ
izcalli,ADJ
izquierdo,ADJ
iztacalco,ADJ
iztapalapa,ADJ
izucar,ADJ
jaajangelyahoocommx,ADJ
jacona,ADJ
jaime,ADJ
jal,ADJ
jalapa,ADJ
jalisco,ADJ
jamal,ADJ
jamas,ADJ
japon,ADJ
japonesa,ADJ
jatobayahoocom,ADJ
java,ADJ
javalongy,ADJ
javascript,ADJ
javierpostrerogmailcom,ADJ
jedaybkgmailcom,ADJ
jefas,ADJ
jeringas,ADJ
jfmebahotmailcom,ADJ
jigantes,ADJ
jjornelasqyahoocommx,ADJ
jodida,ADJ
jodidos,ADJ
jornalero,ADJ
joven,ADJ
jovenes,ADJ
juan,ADJ
juancarloslivecommx,ADJ
juanfernandoalcarazacosta,ADJ
juauctemoc,ADJ
jubilacin,ADJ
jubilada,ADJ
jubiladas,ADJ
jubilado,ADJ
jubilados,ADJ
jubilda,ADJ
judicial,ADJ
judiciales,ADJ
junta,ADJ
juntas,ADJ
junto,ADJ
juntos,ADJ
juridica,ADJ
juridicas,ADJ
juridico,ADJ
juridicos,ADJ
jurisdiccional,ADJ
jusgenlo,ADJ
justo,ADJ
justos,ADJ
juzgado,ADJ
juzto,ADJ
jvenes,ADJ
kalyhectorhotmailcom,ADJ
kanijagmailcom,ADJ
karla,ADJ
karpyhotmailcom,ADJ
kilmetros,ADJ
klebercastillolivecommx,ADJ
laborable,ADJ
laborables,ADJ
laborado,ADJ
laboral,ADJ
laborales,ADJ
laboratorios,ADJ
laborioso,ADJ
laboriosos,ADJ
lada,ADJ
lado,ADJ
lados,ADJ
lafragua,ADJ
lagunas,ADJ
lagunesmarthayahoocommx,ADJ
laica,ADJ
laico,ADJ
lalana,ADJ
lamar,ADJ
lamentable,ADJ
laminadora,ADJ
landeros,ADJ
lanzado,ADJ
laos,ADJ
lapersona,ADJ
lapso,ADJ
laredo,ADJ
larga,ADJ
largas,ADJ
largo,ADJ
largos,ADJ
larguense,ADJ
larguisimas,ADJ
lascomputadoras,ADJ
lasdudas,ADJ
lasolicitud,ADJ
laspersonas,ADJ
lastima,ADJ
latencion,ADJ
laterales,ADJ
latinas,ADJ
latinoamwricanos,ADJ
laura,ADJ
laurell,ADJ
lavado,ADJ
leandro,ADJ
lecheras,ADJ
ledas,ADJ
lega,ADJ
legal,ADJ
legales,ADJ
legalizacin,ADJ
legalizada,ADJ
legalizados,ADJ
legible,ADJ
legisladores,ADJ
lejana,ADJ
lejanas,ADJ
lejano,ADJ
lejanos,ADJ
lejisimios,ADJ
lejisimos,ADJ
lencetas,ADJ
lenta,ADJ
lentas,ADJ
lento,ADJ
lentos,ADJ
leobardo,ADJ
leosrosygmailcom,ADJ
lesda,ADJ
lesionada,ADJ
levantado,ADJ
levantarian,ADJ
lgica,ADJ
lgico,ADJ
liberacin,ADJ
liberacion,ADJ
liberada,ADJ
liberadas,ADJ
libertad,ADJ
libre,ADJ
libres,ADJ
licadrianaalvarezgmailcom,ADJ
licenciado,ADJ
licensias,ADJ
liconsa,ADJ
lienas,ADJ
lienea,ADJ
ligados,ADJ
ligero,ADJ
lilia,ADJ
liliana,ADJ
limitada,ADJ
limitado,ADJ
limitados,ADJ
limitadsimas,ADJ
limitantes,ADJ
limite,ADJ
limitense,ADJ
limites,ADJ
lindo,ADJ
lindos,ADJ
line,ADJ
linea,ADJ
lineaaaaa,ADJ
lineade,ADJ
lineal,ADJ
lineamientos,ADJ
lineas,ADJ
lineasin,ADJ
lineason,ADJ
lineay,ADJ
linias,ADJ
links,ADJ
liquidado,ADJ
lira,ADJ
lista,ADJ
listado,ADJ
listados,ADJ
listas,ADJ
listo,ADJ
listos,ADJ
literal,ADJ
lla,ADJ
llamada,ADJ
llamadas,ADJ
llamadasy,ADJ
llamado,ADJ
llamativo,ADJ
llamdas,ADJ
llave,ADJ
llegada,ADJ
llegado,ADJ
llegu,ADJ
llena,ADJ
llenable,ADJ
llenadas,ADJ
llenadera,ADJ
llenado,ADJ
llenadodesolicitud,ADJ
llenadono,ADJ
llenados,ADJ
llenas,ADJ
lleno,ADJ
llenos,ADJ
llenqdo,ADJ
llevada,ADJ
llevado,ADJ
llevos,ADJ
lnea,ADJ
lneaporque,ADJ
lneas,ADJ
loca,ADJ
local,ADJ
locales,ADJ
localito,ADJ
localizable,ADJ
localizacin,ADJ
localizacion,ADJ
localizada,ADJ
localizado,ADJ
loco,ADJ
locura,ADJ
logeado,ADJ
logica,ADJ
logicas,ADJ
logico,ADJ
logrado,ADJ
lomas,ADJ
lorena,ADJ
loyola,ADJ
ltima,ADJ
ltimos,ADJ
lucerna,ADJ
luciano,ADJ
lucro,ADJ
luis,ADJ
luisnoverolainegiorgmx,ADJ
luisrobertoarangogarcia,ADJ
lujanseremgmailcom,ADJ
lujoso,ADJ
luna,ADJ
lupita,ADJ
lupitajimenezgmailcom,ADJ
maaaaa,ADJ
maana,ADJ
machote,ADJ
maderable,ADJ
madres,ADJ
madrid,ADJ
madurez,ADJ
mafufadas,ADJ
magdalena,ADJ
magistrados,ADJ
magnifica,ADJ
magnifico,ADJ
mal,ADJ
mala,ADJ
malas,ADJ
maldita,ADJ
maldito,ADJ
malditos,ADJ
maleducada,ADJ
maligno,ADJ
malintencionada,ADJ
malisima,ADJ
malla,ADJ
malo,ADJ
malos,ADJ
maltratado,ADJ
malvados,ADJ
mam,ADJ
mama,ADJ
mamadas,ADJ
mancomunada,ADJ
mandado,ADJ
mando,ADJ
mandoron,ADJ
manejada,ADJ
manejo,ADJ
manerani,ADJ
manipulados,ADJ
mantenidos,ADJ
manual,ADJ
manuales,ADJ
manuel,ADJ
manuelsaucedonetzeronet,ADJ
manufacturen,ADJ
manzanillo,ADJ
maquina,ADJ
maquinaria,ADJ
maravilla,ADJ
marca,ADJ
marcadas,ADJ
marcado,ADJ
marcogarciasgmailcom,ADJ
margarito,ADJ
margarotorreshotmailcom,ADJ
marginadas,ADJ
marginado,ADJ
marginados,ADJ
marginales,ADJ
mariano,ADJ
maricela,ADJ
marina,ADJ
maritimo,ADJ
marth,ADJ
marthablancohotmailcom,ADJ
marycarmengmailcom,ADJ
masiva,ADJ
masivo,ADJ
masivos,ADJ
masrapido,ADJ
matamoros,ADJ
material,ADJ
materiales,ADJ
maternal,ADJ
materno,ADJ
matricula,ADJ
matrimonial,ADJ
matriz,ADJ
matutino,ADJ
maxima,ADJ
maximo,ADJ
maximos,ADJ
mayor,ADJ
mayora,ADJ
mayores,ADJ
mayoria,ADJ
mayoritaria,ADJ
mazatlan,ADJ
mbiental,ADJ
mbito,ADJ
mcorrecto,ADJ
mdicas,ADJ
mdico,ADJ
mdicos,ADJ
mdulo,ADJ
mdulos,ADJ
mecanicaes,ADJ
meciona,ADJ
media,ADJ
mediados,ADJ
medianos,ADJ
medias,ADJ
medica,ADJ
medicada,ADJ
medicalos,ADJ
medicas,ADJ
medicina,ADJ
medicinas,ADJ
medicinasmucho,ADJ
medico,ADJ
medicoriahotmailcom,ADJ
medicos,ADJ
medida,ADJ
medio,ADJ
mediocre,ADJ
mediocres,ADJ
medrano,ADJ
meitel,ADJ
mejo,ADJ
mejor,ADJ
mejora,ADJ
mejorado,ADJ
mejoraria,ADJ
mejorenmuchas,ADJ
mejorer,ADJ
mejores,ADJ
mellego,ADJ
membretada,ADJ
mencinenlo,ADJ
mencionada,ADJ
mencionadas,ADJ
mencionado,ADJ
mencionados,ADJ
mencionansolicitan,ADJ
mendoza,ADJ
menguados,ADJ
menor,ADJ
menores,ADJ
mensajero,ADJ
mensionan,ADJ
mensual,ADJ
mensuales,ADJ
mentado,ADJ
mental,ADJ
mentira,ADJ
mentirosoel,ADJ
mentirosos,ADJ
mera,ADJ
mercantil,ADJ
merida,ADJ
meridayucatan,ADJ
mero,ADJ
metias,ADJ
metodicos,ADJ
metodologa,ADJ
metropolitana,ADJ
metropolitanas,ADJ
mexcano,ADJ
mexcico,ADJ
mexicali,ADJ
mexicana,ADJ
mexicanas,ADJ
mexicano,ADJ
mexicanos,ADJ
mexicanosse,ADJ
mexico,ADJ
mexicometropolitana,ADJ
mexitel,ADJ
mexitelsregobmx,ADJ
mexjmartinezgmailcom,ADJ
mglezgargmailcom,ADJ
mia,ADJ
miafore,ADJ
miami,ADJ
michoacan,ADJ
midificacion,ADJ
mierda,ADJ
mierdas,ADJ
migracin,ADJ
migrantes,ADJ
migratoria,ADJ
migratorio,ADJ
migratorios,ADJ
miguel,ADJ
militante,ADJ
militar,ADJ
militare,ADJ
militares,ADJ
millenium,ADJ
milsadelhotmailcom,ADJ
min,ADJ
mincorrecta,ADJ
minima,ADJ
minimo,ADJ
minimos,ADJ
minuciosa,ADJ
minumero,ADJ
minusculas,ADJ
minutos,ADJ
miserable,ADJ
mismo,ADJ
mispremios,ADJ
mixta,ADJ
mltiples,ADJ
mocoso,ADJ
modales,ADJ
modelos,ADJ
moderna,ADJ
modernisense,ADJ
modernizacin,ADJ
moderno,ADJ
modificacin,ADJ
modificarlos,ADJ
modifiquenla,ADJ
modulo,ADJ
modulos,ADJ
mojado,ADJ
mojonera,ADJ
molestas,ADJ
molestia,ADJ
molesto,ADJ
molestos,ADJ
molina,ADJ
momentanea,ADJ
monclova,ADJ
monetario,ADJ
monge,ADJ
monirenafranyahoocommx,ADJ
monitoreo,ADJ
monrealpradoyahoocommx,ADJ
montenegro,ADJ
montero,ADJ
monterrey,ADJ
monteryasta,ADJ
monto,ADJ
montos,ADJ
montreal,ADJ
moprdida,ADJ
moral,ADJ
morales,ADJ
morelia,ADJ
morelos,ADJ
morelosifisicauaslpmx,ADJ
moreno,ADJ
mostrada,ADJ
mostradas,ADJ
mostrado,ADJ
motriz,ADJ
movil,ADJ
moviles,ADJ
moyivo,ADJ
mp,ADJ
mrida,ADJ
mrndiga,ADJ
ms,ADJ
mtodos,ADJ
muchaaaaaas,ADJ
muchisima,ADJ
muchisimas,ADJ
muchisimo,ADJ
muchsima,ADJ
muerto,ADJ
muertos,ADJ
muetras,ADJ
mugrero,ADJ
mugres,ADJ
mugrosos,ADJ
mujeres,ADJ
multas,ADJ
multicanal,ADJ
multidisciplinario,ADJ
multimedia,ADJ
multimedios,ADJ
multimodales,ADJ
multipagos,ADJ
multiple,ADJ
multiples,ADJ
multiplicador,ADJ
multiplicadores,ADJ
mundial,ADJ
municiopio,ADJ
municipal,ADJ
municipales,ADJ
municipio,ADJ
municipios,ADJ
municipla,ADJ
municiplaes,ADJ
municipos,ADJ
munisipios,ADJ
muscular,ADJ
musculo,ADJ
muuuuucha,ADJ
muuuuuyyyyy,ADJ
mxicano,ADJ
mxico,ADJ
mxicorea,ADJ
mximo,ADJ
mximos,ADJ
nacesaria,ADJ
nachon,ADJ
nacida,ADJ
nacido,ADJ
nacidos,ADJ
nacimient,ADJ
nacimiento,ADJ
nacion,ADJ
nacional,ADJ
nacionaldiad,ADJ
nacionales,ADJ
nacionalizado,ADJ
nadaaaaaaaaaaaaaaaaaaaaaaaaaaaaaaaaaaaa,ADJ
nanchital,ADJ
napoles,ADJ
naranjerorafagmailcom,ADJ
narco,ADJ
narcotraficantes,ADJ
narvarte,ADJ
natacion,ADJ
natal,ADJ
natalia,ADJ
naturales,ADJ
naturalizado,ADJ
naucalan,ADJ
naucalli,ADJ
naucalpan,ADJ
naval,ADJ
navegacin,ADJ
navegacion,ADJ
navegado,ADJ
navegador,ADJ
navegadores,ADJ
navideo,ADJ
nayarit,ADJ
nececidad,ADJ
necesaria,ADJ
necesarias,ADJ
necesario,ADJ
necesarios,ADJ
necesidar,ADJ
necesitadas,ADJ
necesitana,ADJ
necesitomas,ADJ
necesityadas,ADJ
necesrios,ADJ
nefasta,ADJ
nefastas,ADJ
nefasto,ADJ
nefastos,ADJ
negado,ADJ
negativa,ADJ
negativos,ADJ
negligente,ADJ
neglijecia,ADJ
negositos,ADJ
negra,ADJ
negras,ADJ
negritas,ADJ
negro,ADJ
neofitos,ADJ
nervios,ADJ
nesesario,ADJ
nesetite,ADJ
nesta,ADJ
neta,ADJ
neto,ADJ
nezahualcoyotl,ADJ
nica,ADJ
nicaragua,ADJ
nico,ADJ
nicolas,ADJ
nieto,ADJ
nimble,ADJ
ningn,ADJ
ningna,ADJ
ningun,ADJ
ningunlado,ADJ
nio,ADJ
nios,ADJ
nmero,ADJ
nmeros,ADJ
noble,ADJ
nomalias,ADJ
nonariales,ADJ
norberto,ADJ
normal,ADJ
normales,ADJ
normalisaria,ADJ
normativas,ADJ
norte,ADJ
norteamericana,ADJ
nosciva,ADJ
notables,ADJ
notaria,ADJ
notariada,ADJ
notariado,ADJ
notarial,ADJ
notariales,ADJ
notarias,ADJ
notario,ADJ
notarios,ADJ
notarizados,ADJ
noticas,ADJ
notificacion,ADJ
notificaciones,ADJ
notificado,ADJ
notificas,ADJ
novedosa,ADJ
npleados,ADJ
nra,ADJ
nsito,ADJ
nterbancario,ADJ
ntra,ADJ
ntramites,ADJ
nuca,ADJ
nuchasmuchas,ADJ
nuerstro,ADJ
nuestrso,ADJ
nuev,ADJ
nueva,ADJ
nuevas,ADJ
nuevo,ADJ
nuevoel,ADJ
nuevos,ADJ
nula,ADJ
nulas,ADJ
nulo,ADJ
num,ADJ
numerada,ADJ
numeral,ADJ
numeritoooos,ADJ
numero,ADJ
numeros,ADJ
nutrientes,ADJ
nuy,ADJ
nvo,ADJ
oago,ADJ
oasiona,ADJ
oaxaca,ADJ
obetenr,ADJ
objetiva,ADJ
objetivos,ADJ
obligaciones,ADJ
obligado,ADJ
obligados,ADJ
obligatoria,ADJ
obligatorio,ADJ
obligatorios,ADJ
obrador,ADJ
obregon,ADJ
obrenes,ADJ
obrera,ADJ
obrero,ADJ
obscenas,ADJ
obsoleta,ADJ
obsoletas,ADJ
obsoleto,ADJ
obsoletos,ADJ
obstaculo,ADJ
obstaculos,ADJ
obstculo,ADJ
obtena,ADJ
obtenado,ADJ
obtencin,ADJ
obtenia,ADJ
obtenida,ADJ
obtenido,ADJ
obvia,ADJ
obvias,ADJ
obvio,ADJ
obvios,ADJ
ocontrario,ADJ
ocular,ADJ
oculto,ADJ
ocultos,ADJ
ocupada,ADJ
ocupadas,ADJ
ocupado,ADJ
ocupados,ADJ
ocupadoy,ADJ
ocurrido,ADJ
officinas,ADJ
oficial,ADJ
oficiales,ADJ
oficialia,ADJ
oficianas,ADJ
oficians,ADJ
oficias,ADJ
oficina,ADJ
oficinas,ADJ
oficinassoy,ADJ
oficinistas,ADJ
oficitas,ADJ
ofinicinas,ADJ
ofisina,ADJ
ofnas,ADJ
ofocina,ADJ
ofocinas,ADJ
ofrecernos,ADJ
ofrecido,ADJ
ogficina,ADJ
oicangihchotmailcom,ADJ
ojetes,ADJ
ojito,ADJ
olmpiadas,ADJ
olvido,ADJ
omision,ADJ
omiso,ADJ
oneroso,ADJ
online,ADJ
ontos,ADJ
oopphplrrs,ADJ
opacado,ADJ
opcin,ADJ
opcional,ADJ
operacin,ADJ
operador,ADJ
operadora,ADJ
operativo,ADJ
operativos,ADJ
oportuna,ADJ
oportunaojala,ADJ
oportuno,ADJ
oportunos,ADJ
opoyos,ADJ
optica,ADJ
optico,ADJ
optimisacin,ADJ
optimo,ADJ
opuesto,ADJ
orarios,ADJ
orden,ADJ
ordenada,ADJ
ordinaria,ADJ
ordinario,ADJ
ordoez,ADJ
organica,ADJ
organizacional,ADJ
organizada,ADJ
organizado,ADJ
organizados,ADJ
organos,ADJ
orgullos,ADJ
orientacin,ADJ
orientado,ADJ
oriente,ADJ
original,ADJ
originales,ADJ
originario,ADJ
oriundo,ADJ
orizaba,ADJ
orribles,ADJ
ortograficas,ADJ
ortograficos,ADJ
ortopedia,ADJ
ortos,ADJ
ortros,ADJ
osc,ADJ
oscarynesthotmailcom,ADJ
oscuro,ADJ
osorio,ADJ
ostentado,ADJ
ostricidad,ADJ
oswaldo,ADJ
otomitepehua,ADJ
otor,ADJ
otorgada,ADJ
otorgado,ADJ
otorgados,ADJ
otorgamientos,ADJ
otorguez,ADJ
otumba,ADJ
outsourcinf,ADJ
ozunaadalbertohotmailcom,ADJ
paagina,ADJ
paara,ADJ
pablo,ADJ
pachuca,ADJ
paciente,ADJ
pacientes,ADJ
pacifico,ADJ
pado,ADJ
padre,ADJ
pagadas,ADJ
pagado,ADJ
pagados,ADJ
pagaduria,ADJ
paganel,ADJ
pagano,ADJ
pagiba,ADJ
paginano,ADJ
paginas,ADJ
paginaslo,ADJ
pagino,ADJ
pagnina,ADJ
pagos,ADJ
paises,ADJ
panacea,ADJ
papa,ADJ
papales,ADJ
papeles,ADJ
paquetera,ADJ
paqueteria,ADJ
paqueterias,ADJ
paquetes,ADJ
paracada,ADJ
parada,ADJ
parado,ADJ
parados,ADJ
paralizado,ADJ
parcelarios,ADJ
parcial,ADJ
parecidas,ADJ
parecido,ADJ
parselarios,ADJ
partados,ADJ
participante,ADJ
participantes,ADJ
particular,ADJ
particulares,ADJ
pasada,ADJ
pasadas,ADJ
pasado,ADJ
pasados,ADJ
pasante,ADJ
pasantes,ADJ
pasapartes,ADJ
pasaporte,ADJ
pasaporteno,ADJ
pasaportes,ADJ
pases,ADJ
pasiencia,ADJ
pasmada,ADJ
pasmado,ADJ
paso,ADJ
pasos,ADJ
patada,ADJ
paternales,ADJ
paternidad,ADJ
patito,ADJ
patria,ADJ
patrimonial,ADJ
patrimoniales,ADJ
patriotismo,ADJ
patronal,ADJ
patronales,ADJ
patronimico,ADJ
pattico,ADJ
paulampregmailcom,ADJ
paulrichtervgmailcom,ADJ
paypal,ADJ
pblica,ADJ
pblico,ADJ
pblicos,ADJ
pdf,ADJ
peaje,ADJ
peces,ADJ
pecuaria,ADJ
ped,ADJ
peda,ADJ
pedantes,ADJ
pediatrica,ADJ
pediatrico,ADJ
pedido,ADJ
peditrica,ADJ
pedorra,ADJ
pedro,ADJ
pegadas,ADJ
pegado,ADJ
pegoconcepto,ADJ
peligrosa,ADJ
peligrosacomo,ADJ
peligrosos,ADJ
penal,ADJ
penales,ADJ
pendejo,ADJ
pendejos,ADJ
pendencias,ADJ
pendiente,ADJ
pendientes,ADJ
penoso,ADJ
pensado,ADJ
pensionadas,ADJ
pensionado,ADJ
pensionadora,ADJ
pensionados,ADJ
pensionaria,ADJ
pensionissste,ADJ
pensionista,ADJ
pensioniste,ADJ
peoplesoft,ADJ
peor,ADJ
peores,ADJ
pequea,ADJ
pequeas,ADJ
pequeno,ADJ
pequeo,ADJ
pequeos,ADJ
peralta,ADJ
perdida,ADJ
perdidas,ADJ
perdidida,ADJ
perdido,ADJ
perdidos,ADJ
perfecta,ADJ
perfecto,ADJ
perlas,ADJ
permanante,ADJ
permanec,ADJ
permanecido,ADJ
permanente,ADJ
permanentes,ADJ
permanesco,ADJ
permisode,ADJ
permisos,ADJ
permitidas,ADJ
permitido,ADJ
peronal,ADJ
perosnal,ADJ
personal,ADJ
personales,ADJ
personalidaza,ADJ
personalizada,ADJ
personalizadas,ADJ
personalizado,ADJ
personalizados,ADJ
personallaboral,ADJ
personalpiensan,ADJ
personay,ADJ
pertenecido,ADJ
perteneciente,ADJ
pertenecientes,ADJ
pertinente,ADJ
pertinentes,ADJ
peruana,ADJ
peruano,ADJ
pesado,ADJ
pesar,ADJ
pesar recibio,ADJ
pesima,ADJ
pesimas,ADJ
pesimo,ADJ
pesimopero,ADJ
pesimos,ADJ
pesos,ADJ
pestaa,ADJ
pestaas,ADJ
petroleras,ADJ
petronilo,ADJ
petroqumica,ADJ
pginas,ADJ
pgr,ADJ
phising,ADJ
pico,ADJ
pidemuchas,ADJ
piedra,ADJ
pinche,ADJ
pinches,ADJ
pinotepa,ADJ
pisono,ADJ
pistola,ADJ
placas,ADJ
planeacion,ADJ
planeado,ADJ
plano,ADJ
plastico,ADJ
plataforma,ADJ
plazos,ADJ
pldft,ADJ
plena,ADJ
pleno,ADJ
pluviales,ADJ
pnganse,ADJ
pngense,ADJ
poblacin,ADJ
poblado,ADJ
poblados,ADJ
poblano,ADJ
pobre,ADJ
pobrecitas,ADJ
pobres,ADJ
pobretones,ADJ
poder,ADJ
poderhacer,ADJ
podico,ADJ
podido,ADJ
poendejo,ADJ
polanco,ADJ
policia,ADJ
policias,ADJ
politecnico,ADJ
politica,ADJ
politicas,ADJ
politico,ADJ
politicos,ADJ
poltica,ADJ
poltico,ADJ
polvorines,ADJ
ponder,ADJ
ponerpaso,ADJ
pongalos,ADJ
poniente,ADJ
popular,ADJ
poquito,ADJ
porpuesta,ADJ
porquera,ADJ
porqueriza,ADJ
porsupuesto,ADJ
portacion,ADJ
portadores,ADJ
portal,ADJ
portales,ADJ
portillo,ADJ
posgrado,ADJ
posgrados,ADJ
posible,ADJ
posibles,ADJ
positiva,ADJ
positivos,ADJ
possible,ADJ
postal,ADJ
postales,ADJ
postas,ADJ
posterior,ADJ
posteriores,ADJ
postrada,ADJ
potencial,ADJ
potosi,ADJ
pposoriochotmailcom,ADJ
practica,ADJ
practicas,ADJ
practicasdonde,ADJ
practico,ADJ
practicos,ADJ
pragunta,ADJ
prctica,ADJ
prcticas,ADJ
prctico,ADJ
prdida,ADJ
prdidas,ADJ
preatorizacion,ADJ
precartillas,ADJ
precencial,ADJ
preciosy,ADJ
precisa,ADJ
precisas,ADJ
precisin,ADJ
preciso,ADJ
precisos,ADJ
precoz,ADJ
predial,ADJ
preescolar,ADJ
preestablecidos,ADJ
pregunta,ADJ
preguntade,ADJ
preguntado,ADJ
preguntenle,ADJ
pregutan,ADJ
preimpreso,ADJ
preincipcion,ADJ
preinscribo,ADJ
preinscripcin,ADJ
prellenado,ADJ
premuras,ADJ
preoblemas,ADJ
preocupado,ADJ
preocupados,ADJ
preocupante,ADJ
prepagada,ADJ
prepago,ADJ
prepapago,ADJ
preparacin,ADJ
preparada,ADJ
preparado,ADJ
preparados,ADJ
preparatoria,ADJ
preposicion,ADJ
prepotente,ADJ
prepotentes,ADJ
preregistro,ADJ
preregristro,ADJ
presas,ADJ
prescenciales,ADJ
preseciales,ADJ
presencial,ADJ
presenciales,ADJ
presentacin,ADJ
presentacion,ADJ
presentada,ADJ
presentado,ADJ
presentados,ADJ
presentarion,ADJ
presente,ADJ
presentes,ADJ
presiso,ADJ
prestado,ADJ
prestador,ADJ
prestamista,ADJ
prestamoy,ADJ
prestaos,ADJ
presupuestaria,ADJ
presupuesto,ADJ
pretacion,ADJ
pretegistro,ADJ
pretendidas,ADJ
prevencion,ADJ
previa,ADJ
previas,ADJ
previo,ADJ
previos,ADJ
prevista,ADJ
previstos,ADJ
preyectos,ADJ
prima,ADJ
primaria,ADJ
primarias,ADJ
primarios,ADJ
primas,ADJ
primer,ADJ
primera,ADJ
primero,ADJ
primeros,ADJ
primordial,ADJ
primos,ADJ
principal,ADJ
principales,ADJ
principiantes,ADJ
principio,ADJ
prioritarios,ADJ
privada,ADJ
privadas,ADJ
privado,ADJ
privados,ADJ
privativo,ADJ
privilegio,ADJ
probable,ADJ
probado,ADJ
probatoria,ADJ
probatorio,ADJ
probatorios,ADJ
problemapor,ADJ
problematicas,ADJ
problematico,ADJ
procadist,ADJ
procedimiento,ADJ
procedimientos,ADJ
procesada,ADJ
procesal,ADJ
procreados,ADJ
productivo,ADJ
productivos,ADJ
productores,ADJ
profecional,ADJ
profeco,ADJ
profesional,ADJ
profesionales,ADJ
profesionalla,ADJ
profesionista,ADJ
profesionistas,ADJ
profesora,ADJ
proganproductivo,ADJ
programable,ADJ
programacin,ADJ
programada,ADJ
programadas,ADJ
programado,ADJ
programador,ADJ
programadores,ADJ
programados,ADJ
programarlacada,ADJ
prohibida,ADJ
prohibidos,ADJ
prolemas,ADJ
proliferacion,ADJ
prolongadas,ADJ
promedio,ADJ
prometido,ADJ
promexico,ADJ
promocionana,ADJ
promotores,ADJ
promovente,ADJ
promoveria,ADJ
pronta,ADJ
prontas,ADJ
prontitud,ADJ
pronunciaday,ADJ
propia,ADJ
propias,ADJ
propiciada,ADJ
propietario,ADJ
propietarios,ADJ
propio,ADJ
propios,ADJ
proporcionada,ADJ
proporcionado,ADJ
proporcionados,ADJ
proporcional,ADJ
proporcionaste,ADJ
propuesta,ADJ
propuestas,ADJ
prorroga,ADJ
prospero,ADJ
proteccion,ADJ
protocilizadas,ADJ
protocol,ADJ
protocolizado,ADJ
proveedor,ADJ
provisional,ADJ
proxima,ADJ
proximo,ADJ
proximos,ADJ
proyeccion,ADJ
proyectosremivercom,ADJ
prqcticas,ADJ
prsencial,ADJ
prudente,ADJ
prudentes,ADJ
prxima,ADJ
psicofisico,ADJ
psicologica,ADJ
psicologico,ADJ
psicomotris,ADJ
psimas,ADJ
psrticular,ADJ
pubico,ADJ
publicacin,ADJ
publicada,ADJ
publicadas,ADJ
publicado,ADJ
publicados,ADJ
publicas,ADJ
publicitarios,ADJ
publico,ADJ
publicos,ADJ
puebla,ADJ
puentes,ADJ
puesta,ADJ
puesto,ADJ
puestos,ADJ
puntual,ADJ
pura,ADJ
puras,ADJ
puro,ADJ
puros,ADJ
puta,ADJ
putas,ADJ
puto,ADJ
putos,ADJ
qu,ADJ
quebec,ADJ
quedado,ADJ
quedebe,ADJ
quedeberiade,ADJ
queja,ADJ
quejaas,ADJ
quejado,ADJ
quejas,ADJ
quejoso,ADJ
quelosvoyatratarmuybien,ADJ
queretaro,ADJ
querido,ADJ
quertaro,ADJ
ques,ADJ
quevedo,ADJ
quiien,ADJ
quijano,ADJ
quimicos,ADJ
quinta,ADJ
quintana,ADJ
quitado,ADJ
quito,ADJ
quizas,ADJ
racional,ADJ
racista,ADJ
racistas,ADJ
radicada,ADJ
radicado,ADJ
radicados,ADJ
radicas,ADJ
raelidad,ADJ
rafael,ADJ
ramon,ADJ
ramses,ADJ
rancherias,ADJ
rango,ADJ
rapaz,ADJ
rapida,ADJ
rapidas,ADJ
rapidez,ADJ
rapidisimo,ADJ
rapido,ADJ
rapidos,ADJ
rapires,ADJ
raquitico,ADJ
raras,ADJ
raro,ADJ
rasguos,ADJ
rateras,ADJ
ratero,ADJ
rateros,ADJ
raymundomorales,ADJ
razonable,ADJ
reactivacion,ADJ
reactivas,ADJ
reactivos,ADJ
reafiliacion,ADJ
real,ADJ
reales,ADJ
realizacin,ADJ
realizadas,ADJ
realizado,ADJ
realizados,ADJ
reas,ADJ
rebotados,ADJ
rebuscada,ADJ
rebuscado,ADJ
recapcha,ADJ
recargable,ADJ
recargada,ADJ
recaudadora,ADJ
recaudatoria,ADJ
reccepcionistas,ADJ
recepcionista,ADJ
recepcionistas,ADJ
receptora,ADJ
receptoras,ADJ
receptores,ADJ
rechazado,ADJ
rechazados,ADJ
rechazen,ADJ
recibido,ADJ
recibidos,ADJ
recibirian,ADJ
recibo,ADJ
reciente,ADJ
recientes,ADJ
reclusorios,ADJ
reclutamiento,ADJ
recomendable,ADJ
recomendados,ADJ
reconoceno,ADJ
reconocido,ADJ
record,ADJ
recordatorio,ADJ
rectangular,ADJ
rectora,ADJ
recuado,ADJ
recuersos,ADJ
recuperacin,ADJ
recuperacion,ADJ
recurrentes,ADJ
redaccion,ADJ
redactado,ADJ
redirections,ADJ
reducido,ADJ
reducidos,ADJ
redundante,ADJ
redundantey,ADJ
reembolsos,ADJ
reenviado,ADJ
reestablescan,ADJ
reestablezcan,ADJ
referenciada,ADJ
referente,ADJ
referida,ADJ
reflejadas,ADJ
reflejado,ADJ
refrendo,ADJ
refugiado,ADJ
regalitos,ADJ
regimientos,ADJ
regiomontana,ADJ
regional,ADJ
regionales,ADJ
registo,ADJ
registr,ADJ
registrada,ADJ
registradas,ADJ
registrado,ADJ
registradoque,ADJ
registrados,ADJ
registrales,ADJ
registrarte,ADJ
regresado,ADJ
regresarian,ADJ
regresate,ADJ
regristo,ADJ
regulado,ADJ
regular,ADJ
reiciden,ADJ
reingenieria,ADJ
reiniermalpicagmailcom,ADJ
rekisitos,ADJ
relacionada,ADJ
relacionadas,ADJ
relacionado,ADJ
relacionados,ADJ
relativa,ADJ
relativo,ADJ
relativos,ADJ
relevante,ADJ
religiosa,ADJ
rellenado,ADJ
rembolzo,ADJ
remediacion,ADJ
remiso,ADJ
remisones,ADJ
remisos,ADJ
remitido,ADJ
remota,ADJ
remplazarian,ADJ
remunerada,ADJ
renobable,ADJ
renovables,ADJ
renovacin,ADJ
renovacion,ADJ
renovada,ADJ
renovado,ADJ
renuenteme,ADJ
renuevo,ADJ
repbica,ADJ
repblica,ADJ
repepprofecogobmx,ADJ
repetida,ADJ
repetidas,ADJ
repetitiva,ADJ
reporte,ADJ
reposicin,ADJ
reposicion,ADJ
representante,ADJ
representativo,ADJ
representente,ADJ
republica,ADJ
repuesta,ADJ
requerida,ADJ
requeridas,ADJ
requerido,ADJ
requeridos,ADJ
requerimientos,ADJ
requesitos,ADJ
requicitos,ADJ
requisitado,ADJ
requisitar,ADJ
requisito,ADJ
requisitos,ADJ
requizitos,ADJ
requwrida,ADJ
resevacion,ADJ
resgistro,ADJ
resguardo,ADJ
residente,ADJ
residentes,ADJ
residuos,ADJ
resienterevisar,ADJ
resolucin,ADJ
resolutivo,ADJ
respaldados,ADJ
respectiva,ADJ
respectivas,ADJ
respectivo,ADJ
respectivos,ADJ
respetado,ADJ
respeto,ADJ
respetoso,ADJ
respetuosa,ADJ
respetuoso,ADJ
respondidos,ADJ
responsable,ADJ
responsables,ADJ
responsiva,ADJ
responsivo,ADJ
respuesta,ADJ
respuestas,ADJ
restantes,ADJ
restaurante,ADJ
resto,ADJ
restrictive,ADJ
restringido,ADJ
restringidos,ADJ
resuelto,ADJ
resuesta,ADJ
resuleto,ADJ
resultado,ADJ
resultadono,ADJ
resultadosavances,ADJ
resumen,ADJ
resumido,ADJ
retenido,ADJ
retirada,ADJ
retiradas,ADJ
retirado,ADJ
retirados,ADJ
retiro,ADJ
retito,ADJ
retrgrada,ADJ
retroseso,ADJ
reus,ADJ
revalidacin,ADJ
revalidacion,ADJ
revasado,ADJ
reverenda,ADJ
revicen,ADJ
revisada,ADJ
revisado,ADJ
revision,ADJ
revistas,ADJ
revoltoso,ADJ
revolucin,ADJ
revuelta,ADJ
revuelto,ADJ
revueltos,ADJ
reyesguadalupehotmailcom,ADJ
reynosa,ADJ
rezagado,ADJ
rgano,ADJ
rganos,ADJ
ricardo,ADJ
ricklopezzhotmailcom,ADJ
rico,ADJ
ridculo,ADJ
ridicula,ADJ
ridiculo,ADJ
riego,ADJ
rif,ADJ
rigurosa,ADJ
riguroso,ADJ
rimares,ADJ
riva,ADJ
rivera,ADJ
rliratlhcommx,ADJ
rnt,ADJ
robada,ADJ
robado,ADJ
robados,ADJ
roberto,ADJ
robot,ADJ
robots,ADJ
roja,ADJ
rojas,ADJ
rojo,ADJ
roo,ADJ
rorma,ADJ
rosado,ADJ
rosas,ADJ
rossvallegmailcom,ADJ
rota,ADJ
rotarismo,ADJ
roto,ADJ
rotunda,ADJ
rp,ADJ
rpida,ADJ
rpido,ADJ
rpoblema,ADJ
rt,ADJ
rubro,ADJ
rudimentaria,ADJ
rudimentario,ADJ
rudo,ADJ
rudos,ADJ
ruidos,ADJ
rumario,ADJ
rupestre,ADJ
rural,ADJ
rurales,ADJ
rusa,ADJ
ruth,ADJ
s,ADJ
saba,ADJ
sabado,ADJ
sabadoen,ADJ
sabados,ADJ
sabatino,ADJ
sabia,ADJ
sabias,ADJ
sabido,ADJ
sables,ADJ
sacada,ADJ
sacado,ADJ
saco,ADJ
sacra,ADJ
sagarpa,ADJ
salarial,ADJ
salario,ADJ
salariopor,ADJ
salarios,ADJ
saldos,ADJ
salgado,ADJ
salida,ADJ
salidas,ADJ
salido,ADJ
salinas,ADJ
saltillo,ADJ
saltos,ADJ
saludo,ADJ
saludos,ADJ
saluoos,ADJ
salvador,ADJ
sandoval,ADJ
sandra,ADJ
sanitaria,ADJ
sanitario,ADJ
sanitarios,ADJ
santa,ADJ
santander,ADJ
santo,ADJ
santos,ADJ
sarali,ADJ
sas,ADJ
sascontactoeconomiagobmx,ADJ
sat,ADJ
satelital,ADJ
satisfactoria,ADJ
satisfactorio,ADJ
satisfecho,ADJ
saturada,ADJ
saturadas,ADJ
saturado,ADJ
saturados,ADJ
saturadoyo,ADJ
saudo,ADJ
savados,ADJ
sbados,ADJ
scaneado,ADJ
sct,ADJ
seala,ADJ
sealada,ADJ
sealadas,ADJ
sealado,ADJ
sealados,ADJ
sealamiento,ADJ
sealan,ADJ
sealar,ADJ
sealarescribir,ADJ
sealen,ADJ
secgral,ADJ
secreta,ADJ
secretaria,ADJ
secretarias,ADJ
sectorial,ADJ
secuestrador,ADJ
secundaria,ADJ
secundarias,ADJ
secundariasuno,ADJ
secundario,ADJ
sedena,ADJ
sedesol,ADJ
segiimiento,ADJ
segimiento,ADJ
seguida,ADJ
seguido,ADJ
seguidos,ADJ
seguimineto,ADJ
segunda,ADJ
segundo,ADJ
segundos,ADJ
segura,ADJ
seguriadad,ADJ
seguridad,ADJ
seguro,ADJ
seguros,ADJ
seleccionada,ADJ
seleccionado,ADJ
seleccionaste,ADJ
selecciondos,ADJ
sellada,ADJ
semanal,ADJ
semarnat,ADJ
sencilla,ADJ
sencillas,ADJ
sencillisimo,ADJ
sencillo,ADJ
sencillos,ADJ
sencills,ADJ
sener,ADJ
senorita,ADJ
sensar,ADJ
sensibles,ADJ
sensilla,ADJ
sensillo,ADJ
sentados,ADJ
seora,ADJ
seorita,ADJ
seoritas,ADJ
sep,ADJ
separado,ADJ
separados,ADJ
sepultado,ADJ
serca,ADJ
sercana,ADJ
sercanas,ADJ
sergio,ADJ
seria,ADJ
seriacion,ADJ
serias,ADJ
serio,ADJ
serios,ADJ
serrano,ADJ
serrrado,ADJ
sertificado,ADJ
serviceinsentexoutlookcom,ADJ
servicial,ADJ
serviciooooo,ADJ
serviciosdigitalesimssgobmx,ADJ
servicos,ADJ
servidor,ADJ
servidora,ADJ
servidores,ADJ
servidos,ADJ
setentas,ADJ
seudo,ADJ
sevicio,ADJ
sevidora,ADJ
sexuales,ADJ
sgparnvs,ADJ
sibadac,ADJ
sibernetico,ADJ
sibo,ADJ
sidea,ADJ
siembra,ADJ
siempore,ADJ
sierra,ADJ
signacion,ADJ
signado,ADJ
significativo,ADJ
siguente,ADJ
siguiente,ADJ
siguientes,ADJ
silverlight,ADJ
silvestre,ADJ
simbolico,ADJ
similar,ADJ
similares,ADJ
simple,ADJ
simplemetente,ADJ
simples,ADJ
simplesahora,ADJ
simplificacion,ADJ
simplificada,ADJ
simplificado,ADJ
simplificados,ADJ
simplifiquenla,ADJ
simulador,ADJ
sinaloa,ADJ
sinavid,ADJ
sinceridad,ADJ
sincero,ADJ
sindical,ADJ
sindicato,ADJ
sindicatos,ADJ
siniestra,ADJ
sinn,ADJ
sintetizada,ADJ
siqueros,ADJ
sirvala,ADJ
sisproter,ADJ
sitas,ADJ
sitios,ADJ
sito,ADJ
siudadano,ADJ
slp,ADJ
slunaripnmx,ADJ
smn,ADJ
sobra,ADJ
sobrepotentes,ADJ
sobretodo,ADJ
sobrevivirya,ADJ
sobrino,ADJ
sobrinos,ADJ
social,ADJ
sociales,ADJ
sociedad,ADJ
sociodemografico,ADJ
socioeconomico,ADJ
socorro,ADJ
sofia,ADJ
sofisticados,ADJ
soicitudes,ADJ
sola,ADJ
solar,ADJ
solares,ADJ
solas,ADJ
soliaria,ADJ
solicitada,ADJ
solicitadas,ADJ
solicitado,ADJ
solicitados,ADJ
solicitanes,ADJ
solicitante,ADJ
solicitantes,ADJ
solicitaq,ADJ
solicitaste,ADJ
solicitudes,ADJ
solidaria,ADJ
solisitante,ADJ
solisitud,ADJ
solo,ADJ
solos,ADJ
soltera,ADJ
solteras,ADJ
solucionador,ADJ
solucitante,ADJ
solvente,ADJ
sombreados,ADJ
somera,ADJ
sonas,ADJ
soncomo,ADJ
sonnunosbhuevones,ADJ
sonora,ADJ
soportado,ADJ
soporte,ADJ
sorprendidos,ADJ
sosial,ADJ
sospechosas,ADJ
spabado,ADJ
spam,ADJ
sra,ADJ
sre,ADJ
sregobmxpagodederechosdepasaporte,ADJ
sres,ADJ
srita,ADJ
sritarivera,ADJ
sta,ADJ
stps,ADJ
subcontraten,ADJ
subdelagacion,ADJ
subdireccion,ADJ
subdirectos,ADJ
subjeto,ADJ
subsecuente,ADJ
subsecuentes,ADJ
sucedido,ADJ
sucio,ADJ
sucursal,ADJ
sucursales,ADJ
sucursalesmexicalibaja,ADJ
sucursalesok,ADJ
suendo,ADJ
sueo,ADJ
sufciente,ADJ
suficiente,ADJ
suficientes,ADJ
sufijo,ADJ
sufrido,ADJ
sugerida,ADJ
sugerido,ADJ
sugeridos,ADJ
suguiero,ADJ
sujeta,ADJ
sujeto,ADJ
sujetos,ADJ
suma,ADJ
suntetizados,ADJ
super,ADJ
supercomplicado,ADJ
superficial,ADJ
superintendentes,ADJ
superior,ADJ
superiores,ADJ
superios,ADJ
supervisor,ADJ
suplantacion,ADJ
suplantadorimpostor,ADJ
suplementaria,ADJ
supona,ADJ
supositorio,ADJ
supuesta,ADJ
supuestas,ADJ
supuesto,ADJ
supuestos,ADJ
supuiesto,ADJ
sur,ADJ
susceptible,ADJ
suscribido,ADJ
suscrita,ADJ
suscrito,ADJ
suscritos,ADJ
suspendido,ADJ
suspension,ADJ
sustenible,ADJ
sustentable,ADJ
sustituto,ADJ
tabasco,ADJ
tablet,ADJ
tabletas,ADJ
tacubacomo,ADJ
tada,ADJ
tadas,ADJ
talones,ADJ
talvez,ADJ
tamano,ADJ
tamao,ADJ
tamaos,ADJ
tamaulipas,ADJ
tambien,ADJ
tampico,ADJ
tancuayalab,ADJ
tantoyuca,ADJ
tapachula,ADJ
tapachulano,ADJ
tapeixtles,ADJ
tardada,ADJ
tardado,ADJ
tardados,ADJ
tardadosespero,ADJ
tardaren,ADJ
tardes,ADJ
tardio,ADJ
tardo,ADJ
tardusida,ADJ
tarjetabiente,ADJ
tarjetacedulacarnet,ADJ
tarjetasque,ADJ
tarjrta,ADJ
tarmites,ADJ
tartan,ADJ
tatatatatamaulipas,ADJ
tcnico,ADJ
tcnicos,ADJ
tecamac,ADJ
tecate,ADJ
techada,ADJ
teclear,ADJ
tecnica,ADJ
tecnicas,ADJ
tecnico,ADJ
tecnicos,ADJ
tecnioproductosemanat,ADJ
tecnologa,ADJ
tecnologico,ADJ
tecnologicos,ADJ
teconologia,ADJ
tediosa,ADJ
tedioso,ADJ
tehuacanpuebla,ADJ
tel,ADJ
telefnica,ADJ
telefnicas,ADJ
telefnico,ADJ
telefnicos,ADJ
telefon,ADJ
telefonica,ADJ
telefonicas,ADJ
telefonico,ADJ
telefonicos,ADJ
telefonistas,ADJ
telefono,ADJ
telefonojrtlivecom,ADJ
telefonos,ADJ
telefonovivo,ADJ
telesecundaria,ADJ
televisa,ADJ
telfono,ADJ
telfonos,ADJ
telmex,ADJ
telmexcom,ADJ
temporal,ADJ
temporales,ADJ
temprano,ADJ
tempranos,ADJ
tena,ADJ
tenan,ADJ
tenernos,ADJ
tentos,ADJ
tepida,ADJ
tequioso,ADJ
tequitan,ADJ
tercer,ADJ
tercera,ADJ
tercero,ADJ
terceros,ADJ
terminada,ADJ
terminado,ADJ
terminados,ADJ
terminales,ADJ
terminalo,ADJ
termino,ADJ
terminologia,ADJ
terminos,ADJ
terrenales,ADJ
terrerno,ADJ
terrible,ADJ
territoria,ADJ
territorial,ADJ
testigos,ADJ
tetian,ADJ
texas,ADJ
texcoco,ADJ
texmelucan,ADJ
tica,ADJ
tiempo,ADJ
tiempopor,ADJ
tijuana,ADJ
til,ADJ
tiltepecnopalajuquilaoaxaca,ADJ
timbrada,ADJ
timbrado,ADJ
tirada,ADJ
titulado,ADJ
titulados,ADJ
titular,ADJ
titulares,ADJ
titulo,ADJ
titulos,ADJ
tituto,ADJ
tlalnepantla,ADJ
tlalpan,ADJ
tlanelpantla,ADJ
tlanepantla,ADJ
tlaneplanta,ADJ
tlaxcala,ADJ
tocado,ADJ
todano,ADJ
todavia,ADJ
todoatencion,ADJ
todomenos,ADJ
toluca,ADJ
tomada,ADJ
tomadas,ADJ
tomado,ADJ
tomas,ADJ
tonto,ADJ
tontos,ADJ
topografico,ADJ
toronto,ADJ
torpe,ADJ
torreon,ADJ
torreoon,ADJ
torruco,ADJ
tortuosos,ADJ
toscano,ADJ
tosihchrns,ADJ
total,ADJ
toxicas,ADJ
trabada,ADJ
trabadas,ADJ
trabado,ADJ
trabajado,ADJ
trabajador,ADJ
trabajadora,ADJ
trabajadoras,ADJ
trabajadores,ADJ
trabajo,ADJ
trabajoporque,ADJ
trabajoy,ADJ
tradicional,ADJ
traductor,ADJ
traductores,ADJ
traidores,ADJ
tramie,ADJ
tramitacin,ADJ
tramitada,ADJ
tramitado,ADJ
tramitados,ADJ
tramitas,ADJ
tramite,ADJ
tramitepuesto,ADJ
tramites,ADJ
tramitetodo,ADJ
tramitologia,ADJ
tramitologiala,ADJ
tramposo,ADJ
tramposos,ADJ
tranladarce,ADJ
tranquilos,ADJ
transitada,ADJ
transitorio,ADJ
transladandonos,ADJ
transparente,ADJ
transparentes,ADJ
trascendentes,ADJ
trasera,ADJ
trasladados,ADJ
trasladarte,ADJ
trasladas,ADJ
traslado,ADJ
traslados,ADJ
traspaso,ADJ
tratado,ADJ
tratados,ADJ
trateademas,ADJ
traumatico,ADJ
traves,ADJ
travs,ADJ
trfico,ADJ
tributaria,ADJ
triplicado,ADJ
triste,ADJ
trminos,ADJ
trmite,ADJ
trmites,ADJ
tsu,ADJ
tuahorrodelaaforebanortexxi,ADJ
tucan,ADJ
tuempresa,ADJ
tuerno,ADJ
tultitlan,ADJ
turissste,ADJ
turissstegracias,ADJ
turista,ADJ
turistas,ADJ
turistico,ADJ
turnos,ADJ
tutor,ADJ
tutores,ADJ
tutorial,ADJ
tutoriales,ADJ
tuxtla,ADJ
tvr,ADJ
txicos,ADJ
ua,ADJ
uazunamuaz,ADJ
ubicable,ADJ
ubicacin,ADJ
ubicacion,ADJ
ubicacn,ADJ
ubicada,ADJ
ubicadas,ADJ
ubicado,ADJ
ubicados,ADJ
ubicasion,ADJ
ubicoestoy,ADJ
ultima,ADJ
ultimas,ADJ
ultimo,ADJ
ultimos,ADJ
umsnh,ADJ
uncredito,ADJ
unica,ADJ
unicas,ADJ
unico,ADJ
unicos,ADJ
unidense,ADJ
unido,ADJ
unidos,ADJ
unificacin,ADJ
unificado,ADJ
uniforme,ADJ
unilateral,ADJ
universal,ADJ
universitaria,ADJ
universitario,ADJ
universitarios,ADJ
univesida,ADJ
unocreo,ADJ
unproblema,ADJ
unrequisito,ADJ
uperdomohotmailcom,ADJ
urbana,ADJ
urbanos,ADJ
urgeeeee,ADJ
urgente,ADJ
urgentes,ADJ
urrrge,ADJ
usada,ADJ
usadas,ADJ
usado,ADJ
usados,ADJ
usuaria,ADJ
usuario,ADJ
usuarios,ADJ
usuraio,ADJ
usurarios,ADJ
usurpacion,ADJ
ususario,ADJ
util,ADJ
utiles,ADJ
utilizada,ADJ
utilizado,ADJ
uu,ADJ
vacacional,ADJ
vacacionales,ADJ
vacacioones,ADJ
vacantes,ADJ
vaci,ADJ
vacias,ADJ
vadilacion,ADJ
vaga,ADJ
vagas,ADJ
valdez,ADJ
valida,ADJ
validacin,ADJ
validad,ADJ
validada,ADJ
validas,ADJ
valido,ADJ
validos,ADJ
valiosa,ADJ
valiosas,ADJ
valioso,ADJ
valladolid,ADJ
vallarta,ADJ
vallejo,ADJ
valuacion,ADJ
vanguardia,ADJ
vargas,ADJ
varia,ADJ
vasconcelos,ADJ
vasto,ADJ
vdeo,ADJ
vecina,ADJ
vecinal,ADJ
vecino,ADJ
vecinos,ADJ
vegami,ADJ
vegetales,ADJ
vehicular,ADJ
velasco,ADJ
velatorio,ADJ
vemarymoraleshotmailcom,ADJ
venada,ADJ
venan,ADJ
vencida,ADJ
vencidas,ADJ
vencido,ADJ
vencidos,ADJ
veneficiarias,ADJ
venezolana,ADJ
venezolanos,ADJ
venezuela,ADJ
venido,ADJ
ventana,ADJ
ventanas,ADJ
ventanilla,ADJ
venustiano,ADJ
veraces,ADJ
veracruz,ADJ
veracruzanjunocom,ADJ
veracuzanjunocom,ADJ
veraz,ADJ
verbal,ADJ
verbales,ADJ
verdadera,ADJ
verdadero,ADJ
verdaderos,ADJ
verde,ADJ
verdes,ADJ
verdica,ADJ
verficacion,ADJ
verfiquen,ADJ
vergenza,ADJ
vergonzoso,ADJ
veridico,ADJ
veridicos,ADJ
verificable,ADJ
verificacin,ADJ
verificacion,ADJ
verificada,ADJ
verificadas,ADJ
verificadora,ADJ
verificaria,ADJ
verificativo,ADJ
vernica,ADJ
veronicacruzhotmailes,ADJ
vertical,ADJ
vespertino,ADJ
vespertinos,ADJ
vespinozatintoreracommx,ADJ
vestidas,ADJ
vetada,ADJ
viable,ADJ
viables,ADJ
viajero,ADJ
viatico,ADJ
viavucto,ADJ
viciada,ADJ
vicio,ADJ
vicioso,ADJ
victor,ADJ
videollamada,ADJ
videos,ADJ
vidiro,ADJ
vieja,ADJ
viejas,ADJ
viejita,ADJ
viejitos,ADJ
viejitoscreo,ADJ
viejo,ADJ
viejos,ADJ
vigente,ADJ
vigentes,ADJ
vigentetrabajadora,ADJ
vigilante,ADJ
vijahcllrl,ADJ
vil,ADJ
villahermosa,ADJ
villalobos,ADJ
vinculada,ADJ
vinculado,ADJ
vinculo,ADJ
vinculos,ADJ
viola,ADJ
violatoria,ADJ
violenta,ADJ
virtual,ADJ
virtuales,ADJ
visa,ADJ
visado,ADJ
visados,ADJ
visible,ADJ
visibleme,ADJ
visibles,ADJ
visiible,ADJ
visitado,ADJ
visitante,ADJ
vista,ADJ
visto,ADJ
vistosa,ADJ
visuales,ADJ
vital,ADJ
vitual,ADJ
viudas,ADJ
viudes,ADJ
viva,ADJ
vivido,ADJ
vividores,ADJ
vivienda,ADJ
vivo,ADJ
vlido,ADJ
vlidos,ADJ
vnculo,ADJ
vnculos,ADJ
vobo,ADJ
voluntada,ADJ
voluntaria,ADJ
voluntario,ADJ
vueltas,ADJ
vuelto,ADJ
vulnerable,ADJ
web,ADJ
webcristianahotmailcom,ADJ
wilfridojhotmailcom,ADJ
win,ADJ
word,ADJ
wwwgobmxindexphpcitas,ADJ
wwwinmgobmxtramitespublicoseguimientotramitehtml,ADJ
wwwsregobmxindexphpcitas,ADJ
xalapa,ADJ
xitos,ADJ
xochimilco,ADJ
xochimimilco,ADJ
xonacatlan,ADJ
xxxx,ADJ
yamadas,ADJ
yanethcisnerosyahoocom,ADJ
yanqui,ADJ
yebaria,ADJ
yegado,ADJ
yegan,ADJ
yelefono,ADJ
york,ADJ
yucalpeten,ADJ
yucatan,ADJ
zacatecas,ADJ
zambrano,ADJ
zamora,ADJ
zapopan,ADJ
zaragoza,ADJ
zitacuaro,ADJ
zocalo,ADJ
zolotepec,ADJ
zona,ADJ
